"action","old_path","new_path","sha256","bytes","reason"
"moved","fusion/.vscode/launch.json",".local_large_files/local_config/fusion/vscode/launch.json","b7d5c7d3c87e4f55c1ae7af6598aeefd85b54e73cc478260145c3acb8f247099","382","ignore_local_config"
"moved","gen_26_05/NAMING_PLAN.md","assets/generated/gen_26_05/NAMING_PLAN.md","d94a3a3b66b89c02c91cab47a7b6f2b99642a9046dab31147ef0d2fd849849d9","1370","move_generated_batch"
"moved","gen_26_05/rename_manifest.csv","assets/generated/gen_26_05/rename_manifest.csv","1f63d735da2899a055d15a53623e9e7f12ce1313cbe0eb9412c9b804afa13e04","56545","move_generated_batch"
"moved","gen_26_05/cleanup_manifest.csv","assets/generated/gen_26_05/cleanup_manifest.csv","0abc94693dc21ad7351d88fe7bca2f2e0f2234e8b8a3136c4393ff8fbcf91009","64399","move_generated_batch"
"moved","gen_26_05/duplicate_manifest.csv","assets/generated/gen_26_05/duplicate_manifest.csv","b49477d6f00c5a9001ee16d15c8ed4468a882b3f47631a6b2ea3216084f273a5","11205","move_generated_batch"
"moved","gen_26_05/03_process_boards/trixig_260526_u074_malet.png","assets/generated/gen_26_05/03_process_boards/trixig_260526_u074_malet.png","e89a9923691999c2ea40faf3af8f3c8b5c21ef571849ef312021e72baad83e7e","1411326","move_generated_batch"
"moved","gen_26_05/03_process_boards/trixig_260526_u048_parts-grid.png","assets/generated/gen_26_05/03_process_boards/trixig_260526_u048_parts-grid.png","dea0ec16e54630c6c210d014c2e3b617487e18bc93c87632661775417e12c6dc","1398004","move_generated_batch"
"moved","gen_26_05/03_process_boards/trixig_260526_u040_form-options.png","assets/generated/gen_26_05/03_process_boards/trixig_260526_u040_form-options.png","b7d1f51d866e24ac9903be334afea0f545b83336b4dcb770e97594b6de208eed","1250045","move_generated_batch"
"moved","gen_26_05/03_process_boards/trixig_260526_u044_body-layouts.png","assets/generated/gen_26_05/03_process_boards/trixig_260526_u044_body-layouts.png","68b5907e83627a488877f82eccf23fc70a4a5306c4dd1182c4e251d77b8ce5e0","1124655","move_generated_batch"
"moved","gen_26_05/03_process_boards/trixig_260526_u050_solid-shapes.png","assets/generated/gen_26_05/03_process_boards/trixig_260526_u050_solid-shapes.png","76a354a21e1cb44e80451e960da04c7a2f43a842e9903331fbdf37cb27dd6bdc","1082846","move_generated_batch"
"moved","gen_26_05/03_process_boards/trixig_260526_u041_control-zones.png","assets/generated/gen_26_05/03_process_boards/trixig_260526_u041_control-zones.png","fa12801b1a9b226cd83cddf1cf2400538e9e44699ec1c275f5e4859df4ce78df","909202","move_generated_batch"
"moved","gen_26_05/03_process_boards/trixig_260526_u047_parts-catalog.png","assets/generated/gen_26_05/03_process_boards/trixig_260526_u047_parts-catalog.png","3132d0c0011e5d533c94440b87481a2312fd05bb9c5d0653662599d732c6ff1d","1061104","move_generated_batch"
"moved","gen_26_05/03_process_boards/trixig_260526_u052_hovudfunksjon.png","assets/generated/gen_26_05/03_process_boards/trixig_260526_u052_hovudfunksjon.png","ba52e238d916c13c4168a634cb41107915f75b1dcc1e7014de6e17c5fed5aec7","1197443","move_generated_batch"
"moved","gen_26_05/03_process_boards/trixig_260526_u073_delfunksjonar.png","assets/generated/gen_26_05/03_process_boards/trixig_260526_u073_delfunksjonar.png","28f7167ad121a8342f0fdfa962040c1d8acf56e10b55cb5ec700a1e70a1609e4","1235042","move_generated_batch"
"moved","gen_26_05/04_decision_boards/trixig_260526_u061_forbodne-rom.png","assets/generated/gen_26_05/04_decision_boards/trixig_260526_u061_forbodne-rom.png","ca6d73819ccb9e9851cd17c68f12a1405649f771c36e7d0269897ef773a344c1","1478271","move_generated_batch"
"moved","gen_26_05/03_process_boards/trixig_260526_u035_variant-panels.png","assets/generated/gen_26_05/03_process_boards/trixig_260526_u035_variant-panels.png","c6260ba679261882e8f2592d3a0783656e86b3fcdaa2dcdf38288bc6951b5306","1343855","move_generated_batch"
"moved","gen_26_05/03_process_boards/trixig_260526_u038_feature-matrix.png","assets/generated/gen_26_05/03_process_boards/trixig_260526_u038_feature-matrix.png","d1d89e85446d0a7b9f1e578b79e28c755c23bb4588aee12a849ac29d3db972a6","1520075","move_generated_batch"
"moved","gen_26_05/03_process_boards/trixig_260526_u072_sectioned-form.png","assets/generated/gen_26_05/03_process_boards/trixig_260526_u072_sectioned-form.png","b3168470b4df4149572d5bd630591e90eef829f2bde86ba6c7ab84dd6b1d0a58","1422694","move_generated_batch"
"moved","gen_26_05/04_decision_boards/trixig_260526_u054_tjalve-modell.png","assets/generated/gen_26_05/04_decision_boards/trixig_260526_u054_tjalve-modell.png","52e12207a710b5f151cc5c851bc5158e2634682fd76258db55b530a20432546d","927402","move_generated_batch"
"moved","gen_26_05/03_process_boards/trixig_260526_u042_tjalve-overview.png","assets/generated/gen_26_05/03_process_boards/trixig_260526_u042_tjalve-overview.png","2c825df98d2d1f16261e2589172ad174f977cb043ada52e17e55ea6c2c648525","1342064","move_generated_batch"
"moved","gen_26_05/03_process_boards/trixig_260526_u049_handle-variants.png","assets/generated/gen_26_05/03_process_boards/trixig_260526_u049_handle-variants.png","ba125286bbdc379ffe3ed654c04e01986078841f68f9bcefab4116915e5eedab","1253065","move_generated_batch"
"moved","gen_26_05/06_ideation_grids/trixig_260526_u140_light-form-grid.png","assets/generated/gen_26_05/06_ideation_grids/trixig_260526_u140_light-form-grid.png","9289ccfb7d2041081b345280a0da2f063560bcd5d6f22ee61858d4e8be76c149","1640241","move_generated_batch"
"moved","gen_26_05/03_process_boards/trixig_260526_u043_tjalve-form-grid.png","assets/generated/gen_26_05/03_process_boards/trixig_260526_u043_tjalve-form-grid.png","6807c16852c4d5b38edaa9b35d44b17106975d5d642b1ac86fce647a8684e140","1447676","move_generated_batch"
"moved","gen_26_05/03_process_boards/trixig_260526_u045_cutaway-variants.png","assets/generated/gen_26_05/03_process_boards/trixig_260526_u045_cutaway-variants.png","059b9d105ff65b114c120c83e61735d816a1c10cce833cdc9b1560ad9a1e75d5","1277987","move_generated_batch"
"moved","gen_26_05/03_process_boards/trixig_260526_u046_shell-components.png","assets/generated/gen_26_05/03_process_boards/trixig_260526_u046_shell-components.png","5b06643b81648e62162811ab54faf9894e932eda60db43252994502852e17118","1501510","move_generated_batch"
"moved","gen_26_05/03_process_boards/trixig_260526_u051_outline-variants.png","assets/generated/gen_26_05/03_process_boards/trixig_260526_u051_outline-variants.png","6b5801f92305aaa94ff5357b393f8f1a949e9c481c33e91ff5659cbc49ce1e01","1310056","move_generated_batch"
"moved","gen_26_05/03_process_boards/trixig_260526_u064_form-lineup-wide.png","assets/generated/gen_26_05/03_process_boards/trixig_260526_u064_form-lineup-wide.png","92b6453adbc6a844f3261ab95d23e7d9fbbcb907a1e6c9e69793e0b7a13175a7","1152944","move_generated_batch"
"moved","gen_26_05/03_process_boards/trixig_260526_u068_internal-layouts.png","assets/generated/gen_26_05/03_process_boards/trixig_260526_u068_internal-layouts.png","af1e6a3cf1fd33935da14edafc5636f91385102ec13f8288a1c962c599d55bc1","1446633","move_generated_batch"
"moved","gen_26_05/03_process_boards/trixig_260526_u070_battery-sequence.png","assets/generated/gen_26_05/03_process_boards/trixig_260526_u070_battery-sequence.png","06c39272012f5a999b9b16511ed3ada5f5d5925cd24c4e835b7ac4a4bb399482","1404343","move_generated_batch"
"moved","gen_26_05/03_process_boards/trixig_260526_u131_form-family-grid.png","assets/generated/gen_26_05/03_process_boards/trixig_260526_u131_form-family-grid.png","3c54a9b96582df9385239d4c08b0dec1a04e8969659db245ac72e8b50e6e4945","1778383","move_generated_batch"
"moved","gen_26_05/04_decision_boards/trixig_260526_u059_to-hovudelement.png","assets/generated/gen_26_05/04_decision_boards/trixig_260526_u059_to-hovudelement.png","ec3cdfa2ab15c7e928f8daa66dd95125799759bbdc27c8c4447e5684f9c7ab60","946648","move_generated_batch"
"moved","gen_26_05/02_mechanics_cutaways/trixig_260526_u024_top-pack-view.png","assets/generated/gen_26_05/02_mechanics_cutaways/trixig_260526_u024_top-pack-view.png","a7729e2ffbd5ca5750d33d49385659b6cab5b751e1e7db6b85ba5068c18a76d5","941689","move_generated_batch"
"moved","gen_26_05/03_process_boards/trixig_260526_u034_component-layouts.png","assets/generated/gen_26_05/03_process_boards/trixig_260526_u034_component-layouts.png","65b148606f387c362d57f313e53e42f119b0132c3b710f6ae9d0fdf868c36d96","1526451","move_generated_batch"
"moved","gen_26_05/03_process_boards/trixig_260526_u036_sequence-variants.png","assets/generated/gen_26_05/03_process_boards/trixig_260526_u036_sequence-variants.png","5905e515ba7792c8fea5ac79a2a1a809a4c3ad34ec2eb1e3c4c03416f1666c05","1377333","move_generated_batch"
"moved","gen_26_05/03_process_boards/trixig_260526_u071_position-variants.png","assets/generated/gen_26_05/03_process_boards/trixig_260526_u071_position-variants.png","362f23bf4397f802ee406bcae1d8888742e00b1ee086e97ad4938bfe6d8b4efb","1417430","move_generated_batch"
"moved","gen_26_05/03_process_boards/trixig_260526_u079_delingsstrategiar.png","assets/generated/gen_26_05/03_process_boards/trixig_260526_u079_delingsstrategiar.png","a3997a0c08e142a20dd8f96f8e294cf44b54430a6c4afaf9af13aff760480ea5","1541521","move_generated_batch"
"moved","gen_26_05/03_process_boards/trixig_260526_u123_tjalve-to-element.png","assets/generated/gen_26_05/03_process_boards/trixig_260526_u123_tjalve-to-element.png","55ae71854f4e226988799408b3a477b908ce4cd2f32bdbf5bb66e1c5aa91a37e","1375346","move_generated_batch"
"moved","gen_26_05/04_decision_boards/trixig_260526_u055_grunneigenskapar.png","assets/generated/gen_26_05/04_decision_boards/trixig_260526_u055_grunneigenskapar.png","5b6c7641bf4b5ea839ca48068959f8592616da80a7856905ef70e806d266968e","1266369","move_generated_batch"
"moved","gen_26_05/04_decision_boards/trixig_260526_u060_tre-hovudelement.png","assets/generated/gen_26_05/04_decision_boards/trixig_260526_u060_tre-hovudelement.png","7de231b9a730f733b799830cf3a963ce18355d8a80c0c627b2f303c896df1716","1293310","move_generated_batch"
"moved","gen_26_05/04_decision_boards/trixig_260526_u089_geometry-overlay.png","assets/generated/gen_26_05/04_decision_boards/trixig_260526_u089_geometry-overlay.png","c0456398085787f417da70d299be5dfd835112200c292e08ec101f64d78a0f04","1647348","move_generated_batch"
"moved","gen_26_05/04_decision_boards/trixig_260526_u090_structure-matrix.png","assets/generated/gen_26_05/04_decision_boards/trixig_260526_u090_structure-matrix.png","33742a2e8ede0f48ef2935e9ed0e47565b7076bcc04e26bbf79be92632e0c569","1776416","move_generated_batch"
"moved","gen_26_05/06_ideation_grids/trixig_260526_u141_full-form-catalog.png","assets/generated/gen_26_05/06_ideation_grids/trixig_260526_u141_full-form-catalog.png","7a9c5526db2b4e98d5ca6f48d3c33e29799ce0bcc78fef6a519a3d013254050f","1654092","move_generated_batch"
"moved","gen_26_05/03_process_boards/trixig_260526_u032_wireframe-overview.png","assets/generated/gen_26_05/03_process_boards/trixig_260526_u032_wireframe-overview.png","e233ed7364f5182194f333f2d986f175526c566de22962faececfae2749958c3","898370","move_generated_batch"
"moved","gen_26_05/03_process_boards/trixig_260526_u039_cutaway-hero-board.png","assets/generated/gen_26_05/03_process_boards/trixig_260526_u039_cutaway-hero-board.png","dd1e712f05f66156419479398e9dfc07c04896ca1fa454111de848c4c49945f8","1500825","move_generated_batch"
"moved","gen_26_05/03_process_boards/trixig_260526_u065_element-variations.png","assets/generated/gen_26_05/03_process_boards/trixig_260526_u065_element-variations.png","0ba79ffd1c77919b5e830f8f3267090691208e8a95f7db18d0005e8507276865","1213360","move_generated_batch"
"moved","gen_26_05/03_process_boards/trixig_260526_u066_outline-components.png","assets/generated/gen_26_05/03_process_boards/trixig_260526_u066_outline-components.png","4b23024486bb067b18c703152550a71a74d3f9b42ffe0c554a98d41e8e206529","893332","move_generated_batch"
"moved","gen_26_05/03_process_boards/trixig_260526_u069_structure-variants.png","assets/generated/gen_26_05/03_process_boards/trixig_260526_u069_structure-variants.png","5bb25d8cbbec9d83159cc34aa3b87617d36f5e57d21937f3a19dcbf60f776cb2","1203179","move_generated_batch"
"moved","gen_26_05/04_decision_boards/trixig_260526_u062_sok-vurdering-val.png","assets/generated/gen_26_05/04_decision_boards/trixig_260526_u062_sok-vurdering-val.png","55be5300448593d4ee3cb93f1444a26f0eb63813a207e996bdaded3bf6a68970","1292180","move_generated_batch"
"moved","gen_26_05/04_decision_boards/trixig_260526_u081_valde-eigenskapar.png","assets/generated/gen_26_05/04_decision_boards/trixig_260526_u081_valde-eigenskapar.png","7c26b2f839a9e6a762cd57a94308c2b67c6dd1190475099bafb59f1c9d0c6f1d","1436501","move_generated_batch"
"moved","gen_26_05/04_decision_boards/trixig_260526_u082_context-selection.png","assets/generated/gen_26_05/04_decision_boards/trixig_260526_u082_context-selection.png","d545c0e427051269688139d0c658956b490cce1e19e2141103dda7fac3cf4c4c","1498576","move_generated_batch"
"moved","gen_26_05/04_decision_boards/trixig_260526_u083_form-variant-grid.png","assets/generated/gen_26_05/04_decision_boards/trixig_260526_u083_form-variant-grid.png","a6b8b5b02e88ef642160584fc0804fb3c9cc3f039ee12fcbc6af7c494a04b19d","1645295","move_generated_batch"
"moved","gen_26_05/04_decision_boards/trixig_260526_u096_grunnstruktur-val.png","assets/generated/gen_26_05/04_decision_boards/trixig_260526_u096_grunnstruktur-val.png","27623334f3125c034f9de8120b19ed667cf929c8ef1c9b3412cb7f1dfcd64035","1081283","move_generated_batch"
"moved","gen_26_05/04_decision_boards/trixig_260526_u101_totalform-konsept.png","assets/generated/gen_26_05/04_decision_boards/trixig_260526_u101_totalform-konsept.png","041a6bf27ce236ea1a3e258ac4c03688f0e79dca3b6e849f315b1397678a230b","1311740","move_generated_batch"
"moved","gen_26_05/01_reference_renders/trixig_260526_u003_black-rear-angle.png","assets/generated/gen_26_05/01_reference_renders/trixig_260526_u003_black-rear-angle.png","680a5ff256241ebeecadeb99b41590f697a37dc90ee64736af868140e6295a1a","1181681","move_generated_batch"
"moved","gen_26_05/01_reference_renders/trixig_260526_u005_black-top-button.png","assets/generated/gen_26_05/01_reference_renders/trixig_260526_u005_black-top-button.png","9d1f13a6d07a45855354bd5a28251418948c5bab789ef41cf73f3be3c75eab3e","1000888","move_generated_batch"
"moved","gen_26_05/01_reference_renders/trixig_260526_u007_black-rear-strap.png","assets/generated/gen_26_05/01_reference_renders/trixig_260526_u007_black-rear-strap.png","9f8d3a69684290314720b33e8e3ec7a9adcf285f4a668ec5eb84fd3222b38347","1117032","move_generated_batch"
"moved","gen_26_05/02_mechanics_cutaways/trixig_260526_u022_front-pack-view.png","assets/generated/gen_26_05/02_mechanics_cutaways/trixig_260526_u022_front-pack-view.png","733861cc0caef82a0f1c11ab7615266a053619bde0311e9a01c3f17e69e524c7","892827","move_generated_batch"
"moved","gen_26_05/02_mechanics_cutaways/trixig_260526_u029_white-side-flat.png","assets/generated/gen_26_05/02_mechanics_cutaways/trixig_260526_u029_white-side-flat.png","ca0cd9020e3aece7b534146312665a063f701bdf384932fafc1f2820eca2b103","1211044","move_generated_batch"
"moved","gen_26_05/03_process_boards/trixig_260526_u033_assembly-flow-board.png","assets/generated/gen_26_05/03_process_boards/trixig_260526_u033_assembly-flow-board.png","13afea81ce4b8a2f24ca2634770ec5584ec416f00224114df923f51929bbc88d","967361","move_generated_batch"
"moved","gen_26_05/03_process_boards/trixig_260526_u037_black-render-matrix.png","assets/generated/gen_26_05/03_process_boards/trixig_260526_u037_black-render-matrix.png","450c7f40fe3cf9791d9917d5e025cd90683cd9ae987964a92f8abb9c805c8eee","1338882","move_generated_batch"
"moved","gen_26_05/03_process_boards/trixig_260526_u067_component-positions.png","assets/generated/gen_26_05/03_process_boards/trixig_260526_u067_component-positions.png","784fb683c049ccc0b3be22a55acdd3e89ed9c9c86107faf837408e5238332e82","1213871","move_generated_batch"
"moved","gen_26_05/03_process_boards/trixig_260526_u077_forbodne-rom-detail.png","assets/generated/gen_26_05/03_process_boards/trixig_260526_u077_forbodne-rom-detail.png","5bdce99ba6c51688bac9ab2c2b8805b60d89d0ab921255c2051d64256bb4f553","1553775","move_generated_batch"
"moved","gen_26_05/03_process_boards/trixig_260526_u122_tjalve-six-to-three.png","assets/generated/gen_26_05/03_process_boards/trixig_260526_u122_tjalve-six-to-three.png","31e8ef75e2ceae3b992d62632273b42342c0374f54760425a9cf4ac5cc4ea235","1279450","move_generated_batch"
"moved","gen_26_05/04_decision_boards/trixig_260526_u088_section-comparison.png","assets/generated/gen_26_05/04_decision_boards/trixig_260526_u088_section-comparison.png","a8833fbb04186316e3816cf843892346fd051b3318631703ff00e4090fed560a","1709300","move_generated_batch"
"moved","gen_26_05/04_decision_boards/trixig_260526_u091_profile-comparison.png","assets/generated/gen_26_05/04_decision_boards/trixig_260526_u091_profile-comparison.png","f24c8e2e6c579c06cb288c159fd073a19b3a8fdccdfbcc5952e384654c377b12","1702170","move_generated_batch"
"moved","gen_26_05/06_ideation_grids/trixig_260526_u115_pistol-capsule-grid.png","assets/generated/gen_26_05/06_ideation_grids/trixig_260526_u115_pistol-capsule-grid.png","34404cf6c6871df84f6d2521b2a204ba4725eefc728c298d5296dba937462525","1846466","move_generated_batch"
"moved","gen_26_05/06_ideation_grids/trixig_260526_u152_faceted-capsule-set.png","assets/generated/gen_26_05/06_ideation_grids/trixig_260526_u152_faceted-capsule-set.png","a1b25487bc5a74af9aa26333908c0a3f8d77932ac561eb6925e11e2f4210abe3","2021153","move_generated_batch"
"moved","gen_26_05/01_reference_renders/trixig_260526_u001_black-side-grip-a.png","assets/generated/gen_26_05/01_reference_renders/trixig_260526_u001_black-side-grip-a.png","a816a8c2bd3e77bd3dc38aef3439a017e8ddf18b290b4c0e84e7651456e649e6","1248715","move_generated_batch"
"moved","gen_26_05/01_reference_renders/trixig_260526_u002_black-side-grip-b.png","assets/generated/gen_26_05/01_reference_renders/trixig_260526_u002_black-side-grip-b.png","aff5350255589e130507d5ffb661f09f4c9134a71c764390763f823aa658524b","1245183","move_generated_batch"
"moved","gen_26_05/01_reference_renders/trixig_260526_u014_black-rear-simple.png","assets/generated/gen_26_05/01_reference_renders/trixig_260526_u014_black-rear-simple.png","6e73dd8506c1ee1dbef4f32c925a4ba5799ce4479649123062991059da99396a","1324810","move_generated_batch"
"moved","gen_26_05/03_process_boards/trixig_260526_u130_perspective-analysis.png","assets/generated/gen_26_05/03_process_boards/trixig_260526_u130_perspective-analysis.png","c3258eaa29bffde4b3ebb88b292b9b8f988e82d19a82003375d3487bbc8d5aba","1836215","move_generated_batch"
"moved","gen_26_05/04_decision_boards/trixig_260526_u087_grip-angle-variants.png","assets/generated/gen_26_05/04_decision_boards/trixig_260526_u087_grip-angle-variants.png","53e5cf4cb5832a64b8c84055b68ec82ab58d012eb29868a5018ee83438038178","1707981","move_generated_batch"
"moved","gen_26_05/04_decision_boards/trixig_260526_u094_model-grunnstruktur.png","assets/generated/gen_26_05/04_decision_boards/trixig_260526_u094_model-grunnstruktur.png","d6fd0aca88f59787c1ad98e02ff1b57244e08228ea85a2443fc264650949d5c0","1536783","move_generated_batch"
"moved","gen_26_05/04_decision_boards/trixig_260526_u097_batteritilgang-dims.png","assets/generated/gen_26_05/04_decision_boards/trixig_260526_u097_batteritilgang-dims.png","b8b497df36133460ca51c8ec7b09b15cd2d98437441a619f5e751553556dbb5b","1116117","move_generated_batch"
"moved","gen_26_05/06_ideation_grids/trixig_260526_u116_curved-body-overview.png","assets/generated/gen_26_05/06_ideation_grids/trixig_260526_u116_curved-body-overview.png","3bd50d0b18a3e65063581ace491aa2fad8d240d18d6a8e43516e21e5d2909cb0","1431169","move_generated_batch"
"moved","gen_26_05/06_ideation_grids/trixig_260526_u120_mixed-render-catalog.png","assets/generated/gen_26_05/06_ideation_grids/trixig_260526_u120_mixed-render-catalog.png","eb3f576dd730d167b8e6c7ca1fe9fd618ce7f03c925e32a64e6e40cc715cd02e","1618595","move_generated_batch"
"moved","gen_26_05/06_ideation_grids/trixig_260526_u136_black-variant-lineup.png","assets/generated/gen_26_05/06_ideation_grids/trixig_260526_u136_black-variant-lineup.png","40bfd96d8b752bfe4ab4276615b906adf3d6f84b80bfb7c1068f731e7cb46b2b","1371290","move_generated_batch"
"moved","gen_26_05/06_ideation_grids/trixig_260526_u139_dark-olive-form-grid.png","assets/generated/gen_26_05/06_ideation_grids/trixig_260526_u139_dark-olive-form-grid.png","a7fea050c8d0cd5838967319a7a4eb3edd12f2b09096e7c229f7f4a4e9d4744d","1517874","move_generated_batch"
"moved","gen_26_05/06_ideation_grids/trixig_260526_u145_pistol-variant-board.png","assets/generated/gen_26_05/06_ideation_grids/trixig_260526_u145_pistol-variant-board.png","2dae05a31c6ac659dc6f1ebe270e58f2e0482b3fe399c2ea62f2df8b8aba0fe5","1886519","move_generated_batch"
"moved","gen_26_05/06_ideation_grids/trixig_260526_u148_capsule-options-grid.png","assets/generated/gen_26_05/06_ideation_grids/trixig_260526_u148_capsule-options-grid.png","18c5257fcf9effd960b41710597fe5959e5c3458f81dc778bcdab1eec01825da","2225549","move_generated_batch"
"moved","gen_26_05/06_ideation_grids/trixig_260526_u149_capsule-arc-variants.png","assets/generated/gen_26_05/06_ideation_grids/trixig_260526_u149_capsule-arc-variants.png","431ac95279b9c7095e837e1a09d34ebfaef9e2f277c0bce1e7aeef95402163b9","1948932","move_generated_batch"
"moved","gen_26_05/08_variant_renders_dark/trixig_260526_u220_dark-boxy-side.png","assets/generated/gen_26_05/08_variant_renders_dark/trixig_260526_u220_dark-boxy-side.png","2299a1fa9fb92457224ef63f172f937b9b683dc4eb97b0b5a81618efc8cc49e8","967992","move_generated_batch"
"moved","gen_26_05/08_variant_renders_dark/trixig_260526_u222_dark-loop-body.png","assets/generated/gen_26_05/08_variant_renders_dark/trixig_260526_u222_dark-loop-body.png","e2b43ee7eec2d3e0f76bf7fc91d411591eaaf8dc0a32f24b3cdbbae70010a001","875938","move_generated_batch"
"moved","gen_26_05/08_variant_renders_dark/trixig_260526_u224_dark-tall-body.png","assets/generated/gen_26_05/08_variant_renders_dark/trixig_260526_u224_dark-tall-body.png","b072b0d002ba7f465d03de597b810d0555543baf8e54b19d6ce188224d126c75","940863","move_generated_batch"
"moved","gen_26_05/01_reference_renders/trixig_260526_u006_black-front-nozzle.png","assets/generated/gen_26_05/01_reference_renders/trixig_260526_u006_black-front-nozzle.png","8df9c1e642192db5d7e6968dc83e420d6a71b8064f965fa90a5770dba0e6c52d","1000291","move_generated_batch"
"moved","gen_26_05/01_reference_renders/trixig_260526_u012_black-rounded-side.png","assets/generated/gen_26_05/01_reference_renders/trixig_260526_u012_black-rounded-side.png","ada775713704bd947ba66623faf72614d902e500db5544f43fd7ac6fb9f24500","975185","move_generated_batch"
"moved","gen_26_05/01_reference_renders/trixig_260526_u015_black-side-trigger.png","assets/generated/gen_26_05/01_reference_renders/trixig_260526_u015_black-side-trigger.png","672d47a77b3578f7c3c9488c152881a45df940c58adba0c751aa37dd3c784744","1469871","move_generated_batch"
"moved","gen_26_05/02_mechanics_cutaways/trixig_260526_u023_white-side-pack-a.png","assets/generated/gen_26_05/02_mechanics_cutaways/trixig_260526_u023_white-side-pack-a.png","bbfdcc4932173e5f191a7eb107829343c93d987a96aeb3f601f233caabdeb860","964501","move_generated_batch"
"moved","gen_26_05/02_mechanics_cutaways/trixig_260526_u025_white-side-angled.png","assets/generated/gen_26_05/02_mechanics_cutaways/trixig_260526_u025_white-side-angled.png","b8365fa803d30c8f002cf1b8e7982330c48cb92d533d21aedb16a92ebff783ec","1078630","move_generated_batch"
"moved","gen_26_05/02_mechanics_cutaways/trixig_260526_u026_white-side-pack-b.png","assets/generated/gen_26_05/02_mechanics_cutaways/trixig_260526_u026_white-side-pack-b.png","9cc3d14dbbe036a8cb7656c00b62ea444970e5a69f8fc58c0d1155cfe2efbc74","982230","move_generated_batch"
"moved","gen_26_05/02_mechanics_cutaways/trixig_260526_u031_white-side-pack-c.png","assets/generated/gen_26_05/02_mechanics_cutaways/trixig_260526_u031_white-side-pack-c.png","ef8624e394cadac77a058f14bda753e65f506bd864fad361d619b8e9780a4208","1041050","move_generated_batch"
"moved","gen_26_05/03_process_boards/trixig_260526_u078_kvantifisert-struktur.png","assets/generated/gen_26_05/03_process_boards/trixig_260526_u078_kvantifisert-struktur.png","b30826ec88e6fd3fb03cab925987c7288e8beb4cc9f489ae84a92502e0d770f0","1373066","move_generated_batch"
"moved","gen_26_05/03_process_boards/trixig_260526_u080_seks-totalformkonsept.png","assets/generated/gen_26_05/03_process_boards/trixig_260526_u080_seks-totalformkonsept.png","db3dfd45687d2f2b12cb19c994e6271fb2d9b09f0b7378ec82524ff37915d45d","1245096","move_generated_batch"
"moved","gen_26_05/03_process_boards/trixig_260526_u133_comparison-storyboard.png","assets/generated/gen_26_05/03_process_boards/trixig_260526_u133_comparison-storyboard.png","278dd2b87a14df6014c0192f030e65b9a3639ea9cd6cb640743158b090480be3","1972649","move_generated_batch"
"moved","gen_26_05/04_decision_boards/trixig_260526_u053_trixig-plus-overview.png","assets/generated/gen_26_05/04_decision_boards/trixig_260526_u053_trixig-plus-overview.png","578201b575bf6899fa01a3938e7547601ef3396749c1b7c807af66dd2f5f5e3c","1139190","move_generated_batch"
"moved","gen_26_05/04_decision_boards/trixig_260526_u058_six-to-one-selection.png","assets/generated/gen_26_05/04_decision_boards/trixig_260526_u058_six-to-one-selection.png","6001722d830328c5d2929a3a6d2d01a20faa64462ff8ba27a4841dcc5b96532d","1410269","move_generated_batch"
"moved","gen_26_05/04_decision_boards/trixig_260526_u092_hovudfunksjon-render.png","assets/generated/gen_26_05/04_decision_boards/trixig_260526_u092_hovudfunksjon-render.png","d80d8fc8200af85402f1c423e0a9cee2d14901c11acf75304c1843bf9f93def7","1486357","move_generated_batch"
"moved","gen_26_05/04_decision_boards/trixig_260526_u093_delfunksjonar-render.png","assets/generated/gen_26_05/04_decision_boards/trixig_260526_u093_delfunksjonar-render.png","504225bd83753453a8adcdf9054141c51f3443a9aea87ea2f80899134ed7f3c2","1537203","move_generated_batch"
"moved","gen_26_05/04_decision_boards/trixig_260526_u098_batteritilgang-forms.png","assets/generated/gen_26_05/04_decision_boards/trixig_260526_u098_batteritilgang-forms.png","bbb9734ae2d64ae5a83b94d5d77cbce5a3daa8366d965dcae3aa36113bc648e1","1326572","move_generated_batch"
"moved","gen_26_05/04_decision_boards/trixig_260526_u100_totalform-directions.png","assets/generated/gen_26_05/04_decision_boards/trixig_260526_u100_totalform-directions.png","c3e995bbb7bf51cbd0a21922a70a8fada4dbf24a0147869ba631ce01cd0aa697","1347086","move_generated_batch"
"moved","gen_26_05/06_ideation_grids/trixig_260526_u112_soft-capsule-sketches.png","assets/generated/gen_26_05/06_ideation_grids/trixig_260526_u112_soft-capsule-sketches.png","75101f30cf5411c45ed03bb7ef340aa33a9e0973a827538d7d66f675768cae44","1503292","move_generated_batch"
"moved","gen_26_05/06_ideation_grids/trixig_260526_u113_screwdriver-form-grid.png","assets/generated/gen_26_05/06_ideation_grids/trixig_260526_u113_screwdriver-form-grid.png","e43656df8905fdbc3de3bf51c21f0c9e84efb8294a423c063b67f7b7692be376","1648713","move_generated_batch"
"moved","gen_26_05/06_ideation_grids/trixig_260526_u114_capsule-exploded-grid.png","assets/generated/gen_26_05/06_ideation_grids/trixig_260526_u114_capsule-exploded-grid.png","7c339ac0a0f05815e1cfac69de992b36197aa97554a6646ebea29aec6691ad17","1893178","move_generated_batch"
"moved","gen_26_05/06_ideation_grids/trixig_260526_u118_soft-black-hero-board.png","assets/generated/gen_26_05/06_ideation_grids/trixig_260526_u118_soft-black-hero-board.png","013e8aa5a66400391689a70767f721c9bbb864c7360e6aae61fd1aa910f9782c","1358261","move_generated_batch"
"moved","gen_26_05/06_ideation_grids/trixig_260526_u119_white-pistol-exploded.png","assets/generated/gen_26_05/06_ideation_grids/trixig_260526_u119_white-pistol-exploded.png","f30c60ddcb48ce3d944c7dd1d35309988309a42b364f0134870560120c6dd75e","1130926","move_generated_batch"
"moved","gen_26_05/06_ideation_grids/trixig_260526_u121_black-render-overview.png","assets/generated/gen_26_05/06_ideation_grids/trixig_260526_u121_black-render-overview.png","b02b4607f60c88252032190c386d9bca0f96cbd892676e85852bd80951a0b6bd","1323741","move_generated_batch"
"moved","gen_26_05/06_ideation_grids/trixig_260526_u147_capsule-render-lineup.png","assets/generated/gen_26_05/06_ideation_grids/trixig_260526_u147_capsule-render-lineup.png","92b6e1574856612ee314687e871f786bd4c0890825f2eaedbf989592b3be290e","1831043","move_generated_batch"
"moved","gen_26_05/06_ideation_grids/trixig_260526_u150_capsule-long-variants.png","assets/generated/gen_26_05/06_ideation_grids/trixig_260526_u150_capsule-long-variants.png","6695730a34b3d4782c9d3ae24efc56782b51dce3cb73a7583fd421fb2fe2ae60","1960301","move_generated_batch"
"moved","gen_26_05/07_variant_renders_light/trixig_260526_u214_oval-loop-side.png","assets/generated/gen_26_05/07_variant_renders_light/trixig_260526_u214_oval-loop-side.png","f38faaf7868eac5e530d816cc7b4b6d017e246c65c10d1a837dbd3e3298270c0","1344484","move_generated_batch"
"moved","gen_26_05/01_reference_renders/trixig_260526_u010_black-side-simple-a.png","assets/generated/gen_26_05/01_reference_renders/trixig_260526_u010_black-side-simple-a.png","013f6fde1293bfa649ee7f69d0ce416b24e14d70730c6fcd47253d5b955447a9","945289","move_generated_batch"
"moved","gen_26_05/01_reference_renders/trixig_260526_u011_black-side-simple-b.png","assets/generated/gen_26_05/01_reference_renders/trixig_260526_u011_black-side-simple-b.png","75ec9a8170e8f344e9b4b78fbc1fad73eecd7b2676b855834aebad292e1de37f","1079296","move_generated_batch"
"moved","gen_26_05/01_reference_renders/trixig_260526_u013_black-front-control.png","assets/generated/gen_26_05/01_reference_renders/trixig_260526_u013_black-front-control.png","e4b941c7836d440729c7ff5b5e4833f2a26faf9960b7184b65e3b4e5379cfd15","904772","move_generated_batch"
"moved","gen_26_05/02_mechanics_cutaways/trixig_260526_u008_black-cutaway-side.png","assets/generated/gen_26_05/02_mechanics_cutaways/trixig_260526_u008_black-cutaway-side.png","5080a4933ccd0c26605d19f01fa91c9d89c3717dbb353a814c8991e8bcf1b390","1270845","move_generated_batch"
"moved","gen_26_05/02_mechanics_cutaways/trixig_260526_u027_white-side-battery.png","assets/generated/gen_26_05/02_mechanics_cutaways/trixig_260526_u027_white-side-battery.png","1be9ab9f847f5d9706b1ec59eb95e2c026da02880666eee85aa3762495ba09f3","1066716","move_generated_batch"
"moved","gen_26_05/03_process_boards/trixig_260526_u063_search-criteria-panels.png","assets/generated/gen_26_05/03_process_boards/trixig_260526_u063_search-criteria-panels.png","84a10fc601ccc8c95b645c32cbc362497603a1bcb520164829e14365984237da","921604","move_generated_batch"
"moved","gen_26_05/03_process_boards/trixig_260526_u075_to-hovudelement-detail.png","assets/generated/gen_26_05/03_process_boards/trixig_260526_u075_to-hovudelement-detail.png","4123aca5323ed0497d79a02ce0614802a4e2756b7feebce8c1c05c9230358a8e","1301694","move_generated_batch"
"moved","gen_26_05/04_decision_boards/trixig_260526_u085_motor-battery-modules.png","assets/generated/gen_26_05/04_decision_boards/trixig_260526_u085_motor-battery-modules.png","bc8fe52ca3e2a687318926c147e09b2db9abbf392f5b46fbb7da6f0865066ea4","1758826","move_generated_batch"
"moved","gen_26_05/04_decision_boards/trixig_260526_u086_internal-split-layout.png","assets/generated/gen_26_05/04_decision_boards/trixig_260526_u086_internal-split-layout.png","f1cb4b9f355c3b466ec98077eef36d2ee910b328ea31fb1e8aa77300b1b5e0bf","1867291","move_generated_batch"
"moved","gen_26_05/04_decision_boards/trixig_260526_u095_grunnstruktur-options.png","assets/generated/gen_26_05/04_decision_boards/trixig_260526_u095_grunnstruktur-options.png","9b90f7287ac5f434bad77fd15e1fe68c1a31bbaa2b32f675822a986ea537d05e","1075455","move_generated_batch"
"moved","gen_26_05/06_ideation_grids/trixig_260526_u153_soft-waist-capsule-set.png","assets/generated/gen_26_05/06_ideation_grids/trixig_260526_u153_soft-waist-capsule-set.png","0af1b130aee8d50964ffb722cb3795e103b07c8e80937019e3ef5d27db7277b5","2031901","move_generated_batch"
"moved","gen_26_05/06_ideation_grids/trixig_260526_u154_segmented-cylinder-set.png","assets/generated/gen_26_05/06_ideation_grids/trixig_260526_u154_segmented-cylinder-set.png","f3c52ac1442ccf464311577bfcd597209e6309dd129467473359cdd8c4565443","1994248","move_generated_batch"
"moved","gen_26_05/06_ideation_grids/trixig_260526_u156_large-mixed-form-board.png","assets/generated/gen_26_05/06_ideation_grids/trixig_260526_u156_large-mixed-form-board.png","9403ddc05bab502d5cda62843c854a465b341e9a98790964af8ee0ee1be1d179","1869111","move_generated_batch"
"moved","gen_26_05/06_ideation_grids/trixig_260526_u159_capsule-ideation-board.png","assets/generated/gen_26_05/06_ideation_grids/trixig_260526_u159_capsule-ideation-board.png","59edd93ff7f92733df92d77f59d7ad229a203c2da12a8727e56ffcf56c513910","2035253","move_generated_batch"
"moved","gen_26_05/06_ideation_grids/trixig_260526_u172_white-block-form-study.png","assets/generated/gen_26_05/06_ideation_grids/trixig_260526_u172_white-block-form-study.png","ea26515f783c7df947c7b0ed90f549e58a494f68cba737952f9284a2ed461c52","1143771","move_generated_batch"
"moved","gen_26_05/07_variant_renders_light/trixig_260526_u203_inline-side-bay.png","assets/generated/gen_26_05/07_variant_renders_light/trixig_260526_u203_inline-side-bay.png","d07555360943d0745bc634430dbb0b322b5df8d4e0e6bf0cbde330fc7ba67bcf","1349873","move_generated_batch"
"moved","gen_26_05/07_variant_renders_light/trixig_260526_u233_oval-loop-large.png","assets/generated/gen_26_05/07_variant_renders_light/trixig_260526_u233_oval-loop-large.png","e2f6d9f5b53f1277a29ebaf067c88ad6e41861ae9672624848fc1827665383bc","1069065","move_generated_batch"
"moved","gen_26_05/08_variant_renders_dark/trixig_260526_u226_dark-soft-pistol.png","assets/generated/gen_26_05/08_variant_renders_dark/trixig_260526_u226_dark-soft-pistol.png","44942a328d8acaf06f00bc2f20849396ec77b224b99716186a0e4a07d68a3a53","1113179","move_generated_batch"
"moved","gen_26_05/01_reference_renders/trixig_260526_u004_black-horizontal-top.png","assets/generated/gen_26_05/01_reference_renders/trixig_260526_u004_black-horizontal-top.png","27506ff256a5e513c969d6eae25055e0b778ea3e9f3bc6b59a712efe25697893","1045253","move_generated_batch"
"moved","gen_26_05/03_process_boards/trixig_260526_u076_tre-hovudelement-detail.png","assets/generated/gen_26_05/03_process_boards/trixig_260526_u076_tre-hovudelement-detail.png","b2b17f289da9a62810d98f6332999636332ed256120bfbd6b5de4afaa9b0a460","1574088","move_generated_batch"
"moved","gen_26_05/06_ideation_grids/trixig_260526_u135_render-reference-matrix.png","assets/generated/gen_26_05/06_ideation_grids/trixig_260526_u135_render-reference-matrix.png","4e7045c6aecff54f75a616dfb6c0205df902be13950e32cde4251c2f9b8d1dc2","1543309","move_generated_batch"
"moved","gen_26_05/06_ideation_grids/trixig_260526_u137_white-battery-form-grid.png","assets/generated/gen_26_05/06_ideation_grids/trixig_260526_u137_white-battery-form-grid.png","edee6529e7d6a920204d564b962c2c29434f3fa2000f419d5ac4ebe81f843f77","1507611","move_generated_batch"
"moved","gen_26_05/06_ideation_grids/trixig_260526_u138_grey-shell-outline-grid.png","assets/generated/gen_26_05/06_ideation_grids/trixig_260526_u138_grey-shell-outline-grid.png","0c463e51dbc25f39f5d30e4940d0257e4d4966cc56e1072ce04b86530dc74030","1311490","move_generated_batch"
"moved","gen_26_05/06_ideation_grids/trixig_260526_u144_capsule-accessory-cases.png","assets/generated/gen_26_05/06_ideation_grids/trixig_260526_u144_capsule-accessory-cases.png","a3aadc5ec36bee61bb686d6ebf335befc9d5c75fc425d59361403f45041c5837","2005491","move_generated_batch"
"moved","gen_26_05/06_ideation_grids/trixig_260526_u146_inline-capsule-exploded.png","assets/generated/gen_26_05/06_ideation_grids/trixig_260526_u146_inline-capsule-exploded.png","bee644df0ee58364c367ac6a20c93024614e4a8c6657ef95947abbe9267f1b58","1903923","move_generated_batch"
"moved","gen_26_05/06_ideation_grids/trixig_260526_u151_black-white-capsule-set.png","assets/generated/gen_26_05/06_ideation_grids/trixig_260526_u151_black-white-capsule-set.png","2641cb0cc63d5c78bd3a53e0b50ece72b12646760f6a6798b66dadbd2c25ff0c","1969468","move_generated_batch"
"moved","gen_26_05/06_ideation_grids/trixig_260526_u155_dark-inline-capsule-set.png","assets/generated/gen_26_05/06_ideation_grids/trixig_260526_u155_dark-inline-capsule-set.png","d3463c30c84d5a0e85b3f32be25ea8b3f1352e7485d16d44317f1a2dbce560db","2070624","move_generated_batch"
"moved","gen_26_05/06_ideation_grids/trixig_260526_u158_component-catalog-board.png","assets/generated/gen_26_05/06_ideation_grids/trixig_260526_u158_component-catalog-board.png","6a3249318a3f3364842532b69322cce4b245bb1826e2f7304940a2e431b00c67","1999428","move_generated_batch"
"moved","gen_26_05/07_variant_renders_light/trixig_260526_u210_hinged-oval-body.png","assets/generated/gen_26_05/07_variant_renders_light/trixig_260526_u210_hinged-oval-body.png","729750d1846705795ae6375376b2231dd0217c63a746e215340a4389ee84488c","1062112","move_generated_batch"
"moved","gen_26_05/07_variant_renders_light/trixig_260526_u216_sage-soft-pistol.png","assets/generated/gen_26_05/07_variant_renders_light/trixig_260526_u216_sage-soft-pistol.png","3ae978834d7f2145f3dcf46e3a041865a97400d1099ca70fe48ae59b95022f9b","1377535","move_generated_batch"
"moved","gen_26_05/08_variant_renders_dark/trixig_260526_u219_dark-classic-side.png","assets/generated/gen_26_05/08_variant_renders_dark/trixig_260526_u219_dark-classic-side.png","0df88b8565ca18845163cd3a7ecf49e04b49ef47bfa6bb12df12fb0cbc581c98","933875","move_generated_batch"
"moved","gen_26_05/02_mechanics_cutaways/trixig_260526_u009_black-exploded-parts.png","assets/generated/gen_26_05/02_mechanics_cutaways/trixig_260526_u009_black-exploded-parts.png","720ea271bb0194e483078b33ed987e6da4a5947d87f83a0082bae141f9d55cc8","1742252","move_generated_batch"
"moved","gen_26_05/02_mechanics_cutaways/trixig_260526_u018_motor-battery-module.png","assets/generated/gen_26_05/02_mechanics_cutaways/trixig_260526_u018_motor-battery-module.png","eb1fa0a7e958126917ad757ea97282c8ebda1ed19468d1faff851b37c4a6962a","1309584","move_generated_batch"
"moved","gen_26_05/03_process_boards/trixig_260526_u126_tjalve-comparison-lineup.png","assets/generated/gen_26_05/03_process_boards/trixig_260526_u126_tjalve-comparison-lineup.png","cea087c457e230c2659eee0a138d68073def8514fda8b2ee907ae6a7ab49eb13","1719026","move_generated_batch"
"moved","gen_26_05/04_decision_boards/trixig_260526_u056_twenty-batteritilgangar.png","assets/generated/gen_26_05/04_decision_boards/trixig_260526_u056_twenty-batteritilgangar.png","304a5855df2ce35a77f9b1161e2b8fef50fc84cc57c4fcc23e7a8818b0a2319e","1157762","move_generated_batch"
"moved","gen_26_05/04_decision_boards/trixig_260526_u057_twenty-to-six-shortlist.png","assets/generated/gen_26_05/04_decision_boards/trixig_260526_u057_twenty-to-six-shortlist.png","2d4e43db19f4f11f13cb735c0e045682001953122f4c87c55a71042a332d3283","1342820","move_generated_batch"
"moved","gen_26_05/06_ideation_grids/trixig_260526_u117_inline-exploded-overview.png","assets/generated/gen_26_05/06_ideation_grids/trixig_260526_u117_inline-exploded-overview.png","628565441cb63c6d8b70b6436499195c66a75244aef89f6e5280c0ba474ddf73","1160092","move_generated_batch"
"moved","gen_26_05/07_variant_renders_light/trixig_260526_u174_angled-hinge-side.png","assets/generated/gen_26_05/07_variant_renders_light/trixig_260526_u174_angled-hinge-side.png","2cf73b5d80fbea6952ea680d9f9e848d9c96aa13a8364c7ec647b22628836b54","1083268","move_generated_batch"
"moved","gen_26_05/07_variant_renders_light/trixig_260526_u198_capsule-loop-hole.png","assets/generated/gen_26_05/07_variant_renders_light/trixig_260526_u198_capsule-loop-hole.png","fcc4e49160234801d86c283c08ba856af35fab357e0e0486e3e070d1d5aed806","1293081","move_generated_batch"
"moved","gen_26_05/07_variant_renders_light/trixig_260526_u213_folded-baton-side.png","assets/generated/gen_26_05/07_variant_renders_light/trixig_260526_u213_folded-baton-side.png","b5c0e16d6f78c8e8d1cee837a6e5807245cea357b5ea3bb99817743de8eed2ce","1273601","move_generated_batch"
"moved","gen_26_05/08_variant_renders_dark/trixig_260526_u221_dark-boxy-pistol-a.png","assets/generated/gen_26_05/08_variant_renders_dark/trixig_260526_u221_dark-boxy-pistol-a.png","a7a4d30465b7f086ea52ce96880e18eea1c70d998fce57a60360472622775f7e","1018063","move_generated_batch"
"moved","gen_26_05/08_variant_renders_dark/trixig_260526_u223_dark-boxy-pistol-b.png","assets/generated/gen_26_05/08_variant_renders_dark/trixig_260526_u223_dark-boxy-pistol-b.png","71ae62e02778671422505d90d98b331084b62b101b19d366194efce13e7b8a5c","962964","move_generated_batch"
"moved","gen_26_05/08_variant_renders_dark/trixig_260526_u225_dark-boxy-render-c.png","assets/generated/gen_26_05/08_variant_renders_dark/trixig_260526_u225_dark-boxy-render-c.png","70879246dae8645f94a93b9cf71dc55ab3b0bddfea036054775efb893f7674fb","1176614","move_generated_batch"
"moved","gen_26_05/02_mechanics_cutaways/trixig_260526_u016_black-cutaway-battery.png","assets/generated/gen_26_05/02_mechanics_cutaways/trixig_260526_u016_black-cutaway-battery.png","ff23c20325a9cd3bd902f0b1aff24a85834ac65f9eb7ce54e0af76c2154943b6","1152318","move_generated_batch"
"moved","gen_26_05/02_mechanics_cutaways/trixig_260526_u017_black-exploded-system.png","assets/generated/gen_26_05/02_mechanics_cutaways/trixig_260526_u017_black-exploded-system.png","48ec558f489761bdfeb7c92dc23cc9aabd63d0097ac1bd574f6f6e0bd382ad6c","1456321","move_generated_batch"
"moved","gen_26_05/02_mechanics_cutaways/trixig_260526_u021_translucent-side-pack.png","assets/generated/gen_26_05/02_mechanics_cutaways/trixig_260526_u021_translucent-side-pack.png","6f811d5a43253d28e70d17372cadd34736573496776660a220741e4534ff1f6b","1291673","move_generated_batch"
"moved","gen_26_05/02_mechanics_cutaways/trixig_260526_u030_translucent-side-grey.png","assets/generated/gen_26_05/02_mechanics_cutaways/trixig_260526_u030_translucent-side-grey.png","444ee4f46860ac1b76c62f4bfd583a1de63d6e3f7a0299ce8f6165891651fdcf","1332749","move_generated_batch"
"moved","gen_26_05/03_process_boards/trixig_260526_u171_grunnstruktur-forms-board.png","assets/generated/gen_26_05/03_process_boards/trixig_260526_u171_grunnstruktur-forms-board.png","e3c799d5957d794f5cdf59264ccc8583984a4de38d476842b840055253f9efdd","1345606","move_generated_batch"
"moved","gen_26_05/04_decision_boards/trixig_260526_u084_trigger-housing-variants.png","assets/generated/gen_26_05/04_decision_boards/trixig_260526_u084_trigger-housing-variants.png","3e845615e53f66c547efc09ef13ac9690fa891604875ea9cacf4efb47e87e4fb","1850036","move_generated_batch"
"moved","gen_26_05/04_decision_boards/trixig_260526_u099_sok-vurdering-val-matrix.png","assets/generated/gen_26_05/04_decision_boards/trixig_260526_u099_sok-vurdering-val-matrix.png","a8ddafca102b3d6bbb52bf239becacf4941e853cba40794f4a96433137ed5378","1338003","move_generated_batch"
"moved","gen_26_05/04_decision_boards/trixig_260526_u124_tjalve-sok-vurdering-val.png","assets/generated/gen_26_05/04_decision_boards/trixig_260526_u124_tjalve-sok-vurdering-val.png","04fb89c480a63c4ecb91efd4ce361ace87484a7b67b6b7c9393422503df46471","1287412","move_generated_batch"
"moved","gen_26_05/04_decision_boards/trixig_260526_u129_evaluation-choice-matrix.png","assets/generated/gen_26_05/04_decision_boards/trixig_260526_u129_evaluation-choice-matrix.png","4d4826025a2569b3dd031d4a8308715b7604aa8261c044eae600a68c81c7f4d7","1786272","move_generated_batch"
"moved","gen_26_05/06_ideation_grids/trixig_260526_u134_black-white-render-lineup.png","assets/generated/gen_26_05/06_ideation_grids/trixig_260526_u134_black-white-render-lineup.png","1f501fb5bc0fa982a8411c5f12c0a69a0275a9552da2c0faa37ef5710c62f3b7","1325122","move_generated_batch"
"moved","gen_26_05/06_ideation_grids/trixig_260526_u157_square-loop-concept-board.png","assets/generated/gen_26_05/06_ideation_grids/trixig_260526_u157_square-loop-concept-board.png","ee7a6aa39544634660f36e3c874d80965961478ab88761743cfa12e1fa090211","1682673","move_generated_batch"
"moved","gen_26_05/06_ideation_grids/trixig_260526_u239_capsule-case-variant-grid.png","assets/generated/gen_26_05/06_ideation_grids/trixig_260526_u239_capsule-case-variant-grid.png","962404c1cb89bd275680e36bf7442050c0b1f339f39b45a14cabbf6921cca2ee","2026186","move_generated_batch"
"moved","gen_26_05/07_variant_renders_light/trixig_260526_u175_upright-hinge-side.png","assets/generated/gen_26_05/07_variant_renders_light/trixig_260526_u175_upright-hinge-side.png","e286dd199319520390a85adb9730073f739af3ca2fbf2dc5b3140128e0c78b8e","1086765","move_generated_batch"
"moved","gen_26_05/07_variant_renders_light/trixig_260526_u176_cone-cylinder-side.png","assets/generated/gen_26_05/07_variant_renders_light/trixig_260526_u176_cone-cylinder-side.png","fefd7261b06701c6e893996272958d25d4527d40144348d730c71e8c4d4048df","1037336","move_generated_batch"
"moved","gen_26_05/07_variant_renders_light/trixig_260526_u180_vertical-loop-grip.png","assets/generated/gen_26_05/07_variant_renders_light/trixig_260526_u180_vertical-loop-grip.png","d3e2d3601d7fa54318db87f22fb2510137540738996439e98541276742e3a680","1097857","move_generated_batch"
"moved","gen_26_05/07_variant_renders_light/trixig_260526_u188_curved-handle-side.png","assets/generated/gen_26_05/07_variant_renders_light/trixig_260526_u188_curved-handle-side.png","f5e57c29974ae9e7a054b991d79cc53b66bd7e52692957b3a18e3b261288cbb1","1828433","move_generated_batch"
"moved","gen_26_05/07_variant_renders_light/trixig_260526_u190_folding-angle-side.png","assets/generated/gen_26_05/07_variant_renders_light/trixig_260526_u190_folding-angle-side.png","a36a01d393efb9551758d1cea5f824bfe8544bc7b2393ff1cdb2faa0bd4a00c9","1065098","move_generated_batch"
"moved","gen_26_05/07_variant_renders_light/trixig_260526_u195_folded-low-profile.png","assets/generated/gen_26_05/07_variant_renders_light/trixig_260526_u195_folded-low-profile.png","8274f109e1c335802841782fb493a52ddc8fc2505696c886e4f70b5c5703c936","1117459","move_generated_batch"
"moved","gen_26_05/07_variant_renders_light/trixig_260526_u200_vertical-slim-loop.png","assets/generated/gen_26_05/07_variant_renders_light/trixig_260526_u200_vertical-slim-loop.png","931b01e12884860dbcfc8082380045d6d62d2a79742f75afb1dd790e2efe16ab","1299319","move_generated_batch"
"moved","gen_26_05/07_variant_renders_light/trixig_260526_u211_blue-battery-stick.png","assets/generated/gen_26_05/07_variant_renders_light/trixig_260526_u211_blue-battery-stick.png","ac0d42bcc77983d37b7e0e0a6540051c27a776a57dc542c481cdc1922ac0e386","1180814","move_generated_batch"
"moved","gen_26_05/07_variant_renders_light/trixig_260526_u215_black-keyhole-grip.png","assets/generated/gen_26_05/07_variant_renders_light/trixig_260526_u215_black-keyhole-grip.png","017311eb13932ad5a53ac69d7efff57f9923a8ad7565e62b7dda37f8123e190f","1379292","move_generated_batch"
"moved","gen_26_05/08_variant_renders_dark/trixig_260526_u229_dark-square-profile.png","assets/generated/gen_26_05/08_variant_renders_dark/trixig_260526_u229_dark-square-profile.png","b2c433564f8184c167d177aa286c0b53c284e706544c2817d474201e823eac98","1129600","move_generated_batch"
"moved","gen_26_05/08_variant_renders_dark/trixig_260526_u230_dark-classic-pistol.png","assets/generated/gen_26_05/08_variant_renders_dark/trixig_260526_u230_dark-classic-pistol.png","fa297dae897e4d0fd390ca7a01cdee89091b7be8de60ca9d60b35394fe066367","1041361","move_generated_batch"
"moved","gen_26_05/02_mechanics_cutaways/trixig_260526_u019_white-side-motorhandle.png","assets/generated/gen_26_05/02_mechanics_cutaways/trixig_260526_u019_white-side-motorhandle.png","d3fc643b5548361a4f4ee2d3c1dd8a5e5d98c1e30b2697a0d4c054c43f396c8b","1301749","move_generated_batch"
"moved","gen_26_05/02_mechanics_cutaways/trixig_260526_u020_white-open-translucent.png","assets/generated/gen_26_05/02_mechanics_cutaways/trixig_260526_u020_white-open-translucent.png","943e7b8dddef564066bd3bd4ed0c764ca1ec60b7e385d03246ba03d33190aeb7","1323964","move_generated_batch"
"moved","gen_26_05/05_concept_presentations/trixig_260526_u106_concept-05-arc-grip.png","assets/generated/gen_26_05/05_concept_presentations/trixig_260526_u106_concept-05-arc-grip.png","3a7b3c0fd06b17bd75c70f7f37f86aad7643cd12e5a4b6001e56a02165230e85","1722905","move_generated_batch"
"moved","gen_26_05/05_concept_presentations/trixig_260526_u110_concept-09-soft-arc.png","assets/generated/gen_26_05/05_concept_presentations/trixig_260526_u110_concept-09-soft-arc.png","29fbab8dd10126025322bc3c05b3624734bdbda2995c05eef93fa5e8a0c6e32a","1735605","move_generated_batch"
"moved","gen_26_05/07_variant_renders_light/trixig_260526_u165_cylinder-bay-render.png","assets/generated/gen_26_05/07_variant_renders_light/trixig_260526_u165_cylinder-bay-render.png","39902ebb498dee0e3a4ab71432ffd06cf27b69047dff6697391460f9ec176553","1158407","move_generated_batch"
"moved","gen_26_05/07_variant_renders_light/trixig_260526_u169_handle-ring-concept.png","assets/generated/gen_26_05/07_variant_renders_light/trixig_260526_u169_handle-ring-concept.png","5c5d7d6d01b2a2a1d061acbd1136f86455fc0fa249c552293a2a8eaee354c8d1","1219077","move_generated_batch"
"moved","gen_26_05/07_variant_renders_light/trixig_260526_u173_vertical-hinge-side.png","assets/generated/gen_26_05/07_variant_renders_light/trixig_260526_u173_vertical-hinge-side.png","08462fd01a14cd9fb305adfbe423e5ad71f185b90a510eb9afdfe0abef419899","1077121","move_generated_batch"
"moved","gen_26_05/07_variant_renders_light/trixig_260526_u179_upright-black-hinge.png","assets/generated/gen_26_05/07_variant_renders_light/trixig_260526_u179_upright-black-hinge.png","8579760d998ca17e4071de1b16c1270139fadb46534b59ec1af0bc2329fdf699","1141383","move_generated_batch"
"moved","gen_26_05/07_variant_renders_light/trixig_260526_u187_upright-hinge-close.png","assets/generated/gen_26_05/07_variant_renders_light/trixig_260526_u187_upright-hinge-close.png","153cee7536291bc7edf4a3c3101d8d73f0c829e9508785f057e152ca70300d90","1278137","move_generated_batch"
"moved","gen_26_05/07_variant_renders_light/trixig_260526_u193_inline-extended-top.png","assets/generated/gen_26_05/07_variant_renders_light/trixig_260526_u193_inline-extended-top.png","e0950050c9659eaa6139d9057a27e5acb7ce89f77de3b6688e104406c636ac23","1128278","move_generated_batch"
"moved","gen_26_05/07_variant_renders_light/trixig_260526_u199_angular-loop-handle.png","assets/generated/gen_26_05/07_variant_renders_light/trixig_260526_u199_angular-loop-handle.png","54f760d917166ce3ca6aff00a0d5f9fead8829f00063d8f90dd84db68c4dfc1c","1233973","move_generated_batch"
"moved","gen_26_05/07_variant_renders_light/trixig_260526_u204_compact-pistol-side.png","assets/generated/gen_26_05/07_variant_renders_light/trixig_260526_u204_compact-pistol-side.png","1b537e5c105ece66fc714b9cc5cf2d844fc0896ed0297c1e029ba053c30b1770","1307312","move_generated_batch"
"moved","gen_26_05/07_variant_renders_light/trixig_260526_u205_angled-inline-hinge.png","assets/generated/gen_26_05/07_variant_renders_light/trixig_260526_u205_angled-inline-hinge.png","2d605c1935e25fb8064cd010af9643132ef860c529544eb81727a8b4804e7d1e","1407246","move_generated_batch"
"moved","gen_26_05/07_variant_renders_light/trixig_260526_u208_slim-stick-diagonal.png","assets/generated/gen_26_05/07_variant_renders_light/trixig_260526_u208_slim-stick-diagonal.png","fa83aa67040a67cd206c2e1d33d754a7a12efd93d481e6f4f14440d1eea838ec","921913","move_generated_batch"
"moved","gen_26_05/07_variant_renders_light/trixig_260526_u218_compact-barrel-side.png","assets/generated/gen_26_05/07_variant_renders_light/trixig_260526_u218_compact-barrel-side.png","d5eaa9788ed8d6c4890001cdcb182a72ed4c28e50ea808634e82aaa497e2ab23","1634471","move_generated_batch"
"moved","gen_26_05/03_process_boards/trixig_260526_u127_tjalve-totalform-directions.png","assets/generated/gen_26_05/03_process_boards/trixig_260526_u127_tjalve-totalform-directions.png","2da3bd121f27debe23a9a1401c41ec7c7850a418298e7ae4366458eed3207db1","1763513","move_generated_batch"
"moved","gen_26_05/05_concept_presentations/trixig_260526_u102_concept-01-slim-hook.png","assets/generated/gen_26_05/05_concept_presentations/trixig_260526_u102_concept-01-slim-hook.png","1419eac709b094689f346656de04b4bc45cbbf0ef0d7f79f6e004dd865cc84dd","1561292","move_generated_batch"
"moved","gen_26_05/05_concept_presentations/trixig_260526_u105_concept-04-stick-bar.png","assets/generated/gen_26_05/05_concept_presentations/trixig_260526_u105_concept-04-stick-bar.png","020a87a7143632d9d3f32c9d5f6e1cc60e603ae3b2476b989c652ec9797b7995","1640134","move_generated_batch"
"moved","gen_26_05/05_concept_presentations/trixig_260526_u107_concept-06-ring-tail.png","assets/generated/gen_26_05/05_concept_presentations/trixig_260526_u107_concept-06-ring-tail.png","cd0d1d9d0ea6750538c073f6c8ae45ee4cc0752b21ea70dc3e01ecf67ab74eaf","1732772","move_generated_batch"
"moved","gen_26_05/05_concept_presentations/trixig_260526_u108_concept-07-flat-rail.png","assets/generated/gen_26_05/05_concept_presentations/trixig_260526_u108_concept-07-flat-rail.png","f01bd1e107076d46a9575f5cb2df340ba3f2ced75b077f4efa5319b06e59ac54","1703258","move_generated_batch"
"moved","gen_26_05/05_concept_presentations/trixig_260526_u238_loop-body-pair-board.png","assets/generated/gen_26_05/05_concept_presentations/trixig_260526_u238_loop-body-pair-board.png","12b7c5aeea4ee9a184d084f09f3667561306e8f317cdf06bc0d7c3a0d56bdeb2","1062442","move_generated_batch"
"moved","gen_26_05/06_ideation_grids/trixig_260526_u142_blue-white-product-sketches.png","assets/generated/gen_26_05/06_ideation_grids/trixig_260526_u142_blue-white-product-sketches.png","3e1b4af0fd912e6b7c2ecc746bc277ba57a9ba8b2bb1d26356e83675dcef8660","1932362","move_generated_batch"
"moved","gen_26_05/06_ideation_grids/trixig_260526_u143_white-pistol-usage-sketches.png","assets/generated/gen_26_05/06_ideation_grids/trixig_260526_u143_white-pistol-usage-sketches.png","912a513f309146cf27c6e674ae3667cbe80bc5f6f18d8b9bdf0ff7ff7d7b5108","1808507","move_generated_batch"
"moved","gen_26_05/07_variant_renders_light/trixig_260526_u182_vertical-stick-front.png","assets/generated/gen_26_05/07_variant_renders_light/trixig_260526_u182_vertical-stick-front.png","8fa702c6c5b7b6da82ae7bd3cd603594c7866ead1643c866cd457143d1d80d60","1111155","move_generated_batch"
"moved","gen_26_05/07_variant_renders_light/trixig_260526_u196_vertical-stick-strap.png","assets/generated/gen_26_05/07_variant_renders_light/trixig_260526_u196_vertical-stick-strap.png","dd5ecdda6432ad58db648e4d2a7602d16a1288ee55b240c933efa77cb86c72e5","1145571","move_generated_batch"
"moved","gen_26_05/07_variant_renders_light/trixig_260526_u206_straight-folded-side.png","assets/generated/gen_26_05/07_variant_renders_light/trixig_260526_u206_straight-folded-side.png","f4bcf0011101ce893ffdd7e917a7dcb4791ff99e40ca63f6994a451e299a8831","1441009","move_generated_batch"
"moved","gen_26_05/07_variant_renders_light/trixig_260526_u207_upright-side-control.png","assets/generated/gen_26_05/07_variant_renders_light/trixig_260526_u207_upright-side-control.png","112639ae96a1364409aec5857d09a6135c42c34e50b6f7e03fc4156aa3939e1f","1323258","move_generated_batch"
"moved","gen_26_05/07_variant_renders_light/trixig_260526_u209_folded-open-cylinder.png","assets/generated/gen_26_05/07_variant_renders_light/trixig_260526_u209_folded-open-cylinder.png","b61a25ea176832608b9e92f6486b5bcc96c54274c444914537cdf0ac5e1699e5","1107391","move_generated_batch"
"moved","gen_26_05/07_variant_renders_light/trixig_260526_u212_tapered-capsule-side.png","assets/generated/gen_26_05/07_variant_renders_light/trixig_260526_u212_tapered-capsule-side.png","a7f8ebeb2f5c99fdb658b378732f2333675e14b8314716cb6135b291050de504","1219827","move_generated_batch"
"moved","gen_26_05/07_variant_renders_light/trixig_260526_u217_vertical-curved-back.png","assets/generated/gen_26_05/07_variant_renders_light/trixig_260526_u217_vertical-curved-back.png","8f6d09709f56626a4bf15955dde7f527ccea1e1f5b13d40bff009989362b16fb","1299052","move_generated_batch"
"moved","gen_26_05/08_variant_renders_dark/trixig_260526_u227_dark-rectangular-grip.png","assets/generated/gen_26_05/08_variant_renders_dark/trixig_260526_u227_dark-rectangular-grip.png","1fca3eeb811e032dc84aa7ee3e51387df19f28a83dd6ef9aa6110a02fcd5cd8e","1179724","move_generated_batch"
"moved","gen_26_05/02_mechanics_cutaways/trixig_260526_u028_translucent-handle-motor.png","assets/generated/gen_26_05/02_mechanics_cutaways/trixig_260526_u028_translucent-handle-motor.png","7e65dad4a84783275168377f34a9316fa55a034968dce12374540b304b40a515","1357509","move_generated_batch"
"moved","gen_26_05/07_variant_renders_light/trixig_260526_u161_rectangular-hoop-side.png","assets/generated/gen_26_05/07_variant_renders_light/trixig_260526_u161_rectangular-hoop-side.png","0836e7007392aaad2ccdc98d6695462936ac521f62f0084ab7d6d5d2d11c52b5","983316","move_generated_batch"
"moved","gen_26_05/07_variant_renders_light/trixig_260526_u164_angled-cylinder-wrist.png","assets/generated/gen_26_05/07_variant_renders_light/trixig_260526_u164_angled-cylinder-wrist.png","557af4085ef70b2a86f9c360880fad92d8fdf33839a49782230ccf8e899a41b9","1122187","move_generated_batch"
"moved","gen_26_05/07_variant_renders_light/trixig_260526_u186_pistol-cylinder-hinge.png","assets/generated/gen_26_05/07_variant_renders_light/trixig_260526_u186_pistol-cylinder-hinge.png","a06d76c7073b333012ff704e8e0639a5ce1707e9f86dcb25877b1c0e938e2a58","1120439","move_generated_batch"
"moved","gen_26_05/07_variant_renders_light/trixig_260526_u202_upright-classic-front.png","assets/generated/gen_26_05/07_variant_renders_light/trixig_260526_u202_upright-classic-front.png","317691fd594ba4698688b01eb667c3aa92d4875b3f0aa47f05677c62121cef98","1185246","move_generated_batch"
"moved","gen_26_05/07_variant_renders_light/trixig_260526_u232_modular-cylinder-side.png","assets/generated/gen_26_05/07_variant_renders_light/trixig_260526_u232_modular-cylinder-side.png","f6ada96b94777175a90cfa88fbdb053a3494401ae59a9aea516ca176dbf735aa","1270708","move_generated_batch"
"moved","gen_26_05/08_variant_renders_dark/trixig_260526_u231_dark-clean-pistol-side.png","assets/generated/gen_26_05/08_variant_renders_dark/trixig_260526_u231_dark-clean-pistol-side.png","6efb7d9df278f2104518de7b308e14de4b7e704d4c526cda936b018a0e98cce3","926506","move_generated_batch"
"moved","gen_26_05/03_process_boards/trixig_260526_u125_trixig-tjalve-delingsstrategi.png","assets/generated/gen_26_05/03_process_boards/trixig_260526_u125_trixig-tjalve-delingsstrategi.png","4db02f721b784bd2d817937c651f0a1ae0fa835c0cee4d189690b4d9514a6922","1804480","move_generated_batch"
"moved","gen_26_05/03_process_boards/trixig_260526_u128_transparency-functional-split.png","assets/generated/gen_26_05/03_process_boards/trixig_260526_u128_transparency-functional-split.png","182ea46cf021fb5efe2f924bf84ef518d114b414814fefb1244fa03b742eeda9","1766760","move_generated_batch"
"moved","gen_26_05/03_process_boards/trixig_260526_u132_transparency-overlay-analysis.png","assets/generated/gen_26_05/03_process_boards/trixig_260526_u132_transparency-overlay-analysis.png","6ac3528c092fe8f7955c5bc1163d51a228ab4e3ae30bf0b606e0b9b8314cf334","1696697","move_generated_batch"
"moved","gen_26_05/05_concept_presentations/trixig_260526_u103_concept-02-soft-pistol.png","assets/generated/gen_26_05/05_concept_presentations/trixig_260526_u103_concept-02-soft-pistol.png","b2da8354dc81b01cfb4b0434200b86eaaf9bb925277bc6892b5333cc451b6ace","1672745","move_generated_batch"
"moved","gen_26_05/05_concept_presentations/trixig_260526_u104_concept-03-capsule-bar.png","assets/generated/gen_26_05/05_concept_presentations/trixig_260526_u104_concept-03-capsule-bar.png","b3a72a832469cc1eeea575598dac853eb00615251dd1e1fee9ddde89b8a6f8d4","1636356","move_generated_batch"
"moved","gen_26_05/05_concept_presentations/trixig_260526_u109_concept-08-loop-handle.png","assets/generated/gen_26_05/05_concept_presentations/trixig_260526_u109_concept-08-loop-handle.png","4258cfeaab8e2bbcb78fc28a070ece4674168bd01e17e196a9257e0bb35258a5","1745254","move_generated_batch"
"moved","gen_26_05/07_variant_renders_light/trixig_260526_u160_concept-03-loop-handle.png","assets/generated/gen_26_05/07_variant_renders_light/trixig_260526_u160_concept-03-loop-handle.png","329f22fd43bbaeccf6d9dc5520288c60ac18b3cac26e8cca58d9b500aec81797","1076042","move_generated_batch"
"moved","gen_26_05/07_variant_renders_light/trixig_260526_u185_upright-cylinder-hinge.png","assets/generated/gen_26_05/07_variant_renders_light/trixig_260526_u185_upright-cylinder-hinge.png","4358b43e97ef5bf13bca49e6ef1ffa9532fa8751f0d9b739ca24c1306cbe561c","1137399","move_generated_batch"
"moved","gen_26_05/07_variant_renders_light/trixig_260526_u191_compact-pistol-classic.png","assets/generated/gen_26_05/07_variant_renders_light/trixig_260526_u191_compact-pistol-classic.png","df4a62b65dce450c50fbe2fd62bab19d35ef5cf479c0a507888254ca675e81ff","1308970","move_generated_batch"
"moved","gen_26_05/07_variant_renders_light/trixig_260526_u192_long-inline-top-button.png","assets/generated/gen_26_05/07_variant_renders_light/trixig_260526_u192_long-inline-top-button.png","9fa7109333f323ce8add08e52552743a105214dc6f01e956a537c4b8416bc038","1207605","move_generated_batch"
"moved","gen_26_05/07_variant_renders_light/trixig_260526_u194_compact-cylinder-strap.png","assets/generated/gen_26_05/07_variant_renders_light/trixig_260526_u194_compact-cylinder-strap.png","cd5cfb3a4dbc4d978f4bcadf22f0eb07bffb32c4492a75ce1e7dbba05b22c438","1181901","move_generated_batch"
"moved","gen_26_05/07_variant_renders_light/trixig_260526_u201_inline-loop-tail-strap.png","assets/generated/gen_26_05/07_variant_renders_light/trixig_260526_u201_inline-loop-tail-strap.png","97e85435d829ef6f77000e3a10503edeaed61af79b58f7fcb8b5889cc562e3ae","1236090","move_generated_batch"
"moved","gen_26_05/08_variant_renders_dark/trixig_260526_u228_dark-polished-trapezoid.png","assets/generated/gen_26_05/08_variant_renders_dark/trixig_260526_u228_dark-polished-trapezoid.png","12bd3736c71674416fc1dcc1e9e327fe8554afa616b7981189288b0b01027c60","1324468","move_generated_batch"
"moved","gen_26_05/05_concept_presentations/trixig_260526_u111_concept-10-compact-oval.png","assets/generated/gen_26_05/05_concept_presentations/trixig_260526_u111_concept-10-compact-oval.png","95f275c2e26dd1aca331dc2cb1d5c5ac4d57c1bf7e5e543b2c9e15d9fe3fff40","1747909","move_generated_batch"
"moved","gen_26_05/07_variant_renders_light/trixig_260526_u162_slim-inline-translucent.png","assets/generated/gen_26_05/07_variant_renders_light/trixig_260526_u162_slim-inline-translucent.png","72d5c9fd07c3a2a399237faf022bf2dc7c5a0bd7aabfe44650f7d1054a8dc526","1099755","move_generated_batch"
"moved","gen_26_05/07_variant_renders_light/trixig_260526_u167_white-soft-oval-concept.png","assets/generated/gen_26_05/07_variant_renders_light/trixig_260526_u167_white-soft-oval-concept.png","756f17facd20384f87154423101b1426fa24c1fa5eccae4eb25ddf74adc304fb","1323314","move_generated_batch"
"moved","gen_26_05/07_variant_renders_light/trixig_260526_u178_blue-loop-handle-render.png","assets/generated/gen_26_05/07_variant_renders_light/trixig_260526_u178_blue-loop-handle-render.png","a762595d2c0d3356957b23d34d00083b4643efed96ab3d17cb1472bac6cb7c09","1231441","move_generated_batch"
"moved","gen_26_05/07_variant_renders_light/trixig_260526_u183_vertical-cylinder-front.png","assets/generated/gen_26_05/07_variant_renders_light/trixig_260526_u183_vertical-cylinder-front.png","6b9c94e81ed385ea2954c3e3a7343bf4b26fbf94cda2eee78948a81998c23133","1089908","move_generated_batch"
"moved","gen_26_05/07_variant_renders_light/trixig_260526_u189_inline-loop-handle-side.png","assets/generated/gen_26_05/07_variant_renders_light/trixig_260526_u189_inline-loop-handle-side.png","40c25fed7058dd6326cc43c77ab5f500905ae03b38d3cfb67a7fe492c7db39a2","885370","move_generated_batch"
"moved","gen_26_05/07_variant_renders_light/trixig_260526_u163_soft-capsule-translucent.png","assets/generated/gen_26_05/07_variant_renders_light/trixig_260526_u163_soft-capsule-translucent.png","0e0d94ebce8d66d91c557d558b085fa281d26109f9471d33ad781ba8475c0e59","1079754","move_generated_batch"
"moved","gen_26_05/07_variant_renders_light/trixig_260526_u166_folding-cylinder-concept.png","assets/generated/gen_26_05/07_variant_renders_light/trixig_260526_u166_folding-cylinder-concept.png","cf6bdf22f5bd4f40e250ee2b35b6ac70d401f98cad751e88d24b68bbeac20a9e","1183441","move_generated_batch"
"moved","gen_26_05/07_variant_renders_light/trixig_260526_u168_straight-body-loop-strap.png","assets/generated/gen_26_05/07_variant_renders_light/trixig_260526_u168_straight-body-loop-strap.png","80202ecdcb6589f11a58fdfa6251b4d345c943aa54f86b43026e74b86aa03569","1382416","move_generated_batch"
"moved","gen_26_05/07_variant_renders_light/trixig_260526_u177_folding-hinge-two-render.png","assets/generated/gen_26_05/07_variant_renders_light/trixig_260526_u177_folding-hinge-two-render.png","86d422845eca41eb546a8d92939d9ddd0c89b7dfff7cff44db4c20e01ab68058","1154150","move_generated_batch"
"moved","gen_26_05/07_variant_renders_light/trixig_260526_u197_stick-large-button-front.png","assets/generated/gen_26_05/07_variant_renders_light/trixig_260526_u197_stick-large-button-front.png","98f34bc5e0eebfe8afff5b9aca30839ca00c04dcdb74245f48870aac7b8ff0eb","1145849","move_generated_batch"
"moved","gen_26_05/07_variant_renders_light/trixig_260526_u234_rectangular-rail-cutaway.png","assets/generated/gen_26_05/07_variant_renders_light/trixig_260526_u234_rectangular-rail-cutaway.png","a1a8299c4ab89d05f1cc697904fa4c8aa8948746a58688abb1dce6337324faa7","1437353","move_generated_batch"
"moved","gen_26_05/07_variant_renders_light/trixig_260526_u236_rectangular-loop-cutaway.png","assets/generated/gen_26_05/07_variant_renders_light/trixig_260526_u236_rectangular-loop-cutaway.png","2a5993841f7200780c6811a035024e4a6a6a89629ad5b985186464655b906f68","1179709","move_generated_batch"
"moved","gen_26_05/07_variant_renders_light/trixig_260526_u181_tall-pistol-hanging-strap.png","assets/generated/gen_26_05/07_variant_renders_light/trixig_260526_u181_tall-pistol-hanging-strap.png","14fb34b31736124c1a133a63ee4c3c260425c376cc0b7a21fc3c648a172e98a9","1099856","move_generated_batch"
"moved","gen_26_05/05_concept_presentations/trixig_260526_u235_formplus-screwdriver-board.png","assets/generated/gen_26_05/05_concept_presentations/trixig_260526_u235_formplus-screwdriver-board.png","e23897b2e0b3aee7a56ad687a5a9975122066e6556a70a0599f7b12564e1107a","1364362","move_generated_batch"
"moved","gen_26_05/05_concept_presentations/trixig_260526_u237_saereigen-trygg-sjolvstendig.png","assets/generated/gen_26_05/05_concept_presentations/trixig_260526_u237_saereigen-trygg-sjolvstendig.png","6159eb31baa756339381533c9656a796e2b2e20018e9e192702552898d38aa22","1054358","move_generated_batch"
"moved","gen_26_05/07_variant_renders_light/trixig_260526_u170_rectangular-cutaway-exploded.png","assets/generated/gen_26_05/07_variant_renders_light/trixig_260526_u170_rectangular-cutaway-exploded.png","11c37ab81340ff2c76f9eb6d0e98f7a28738d1b6800b7a590413862939862205","1282122","move_generated_batch"
"moved","gen_26_05/07_variant_renders_light/trixig_260526_u184_horizontal-cylinder-controls.png","assets/generated/gen_26_05/07_variant_renders_light/trixig_260526_u184_horizontal-cylinder-controls.png","091b313ca21452d811e2e1ea835ce440af04d6fcb30039247bd9ce5d034514c3","1121792","move_generated_batch"
"moved","ferdigstilt_grafikk/grafikk=01.png","assets/finished_graphics/grafikk_01.png","7eacdfd6eeecd1ceb58fc03488d1f8f469c9aa5cd71dc3b4f3cb95c11f665f8c","57173","move_finished_graphics"
"moved","ferdigstilt_grafikk/grafikk=02.png","assets/finished_graphics/grafikk_02.png","ae5c0ef774e2133600ff8d1a2ea26c4816cb97e630ce993c27fbde8b0f361e89","94693","move_finished_graphics"
"moved","ferdigstilt_grafikk/grafikk=03.png","assets/finished_graphics/grafikk_03.png","6c826f5c6c24946dd9c36e9ba71fa1638b45a6cea0ea506adc7a00c197b7981d","79174","move_finished_graphics"
"moved","ferdigstilt_grafikk/grafikk=04.png","assets/finished_graphics/grafikk_04.png","642abc60db0a8d4045106c8193d609fdae5b31da610459b1407c9730d9f40592","85001","move_finished_graphics"
"moved","leveransar/debrief-modul2-trixig.docx","docs/deliverables/debrief_modul2_trixig.docx","bb40074c4efd6fba3b72da9ef9291ef79f8b81fbdb050ac865c9edbc1a77d9eb","4555535","move_deliverables"
"moved","ferdigstilt_grafikk/skisser/Frame 1.png","assets/finished_graphics/skisser/frame_1.png","848f773a236e91f2e57124a70814c6efad17191975dea4fc13b0167f7ee577fc","219904","move_finished_graphics"
"moved","ferdigstilt_grafikk/skisser/Frame 2.png","assets/finished_graphics/skisser/frame_2.png","4bf405b486362eb8a9f624510449cd2fc3f366a577a2bfa5c8dc382706ed097d","148788","move_finished_graphics"
"moved","ferdigstilt_grafikk/skisser/Frame 3.png","assets/finished_graphics/skisser/frame_3.png","19d89237d9dd14bd034056af892a23208c73ac7a7686f274f317147ae71e4b7d","130921","move_finished_graphics"
"moved","ferdigstilt_grafikk/skisser/image 2.png","assets/finished_graphics/skisser/image_2.png","381890bcbf501fab2f6ca5df428130e6a9a899d3e856f5f130e286459795ac11","954922","move_finished_graphics"
"moved","ferdigstilt_grafikk/skisser/image 3.png","assets/finished_graphics/skisser/image_3.png","1329a7d2d6d26ffeeb5527326a716169e7ba1db6719e153abcd65ba00c184408","121586","move_finished_graphics"
"moved","ferdigstilt_grafikk/skisser/image 6.png","assets/finished_graphics/skisser/image_6.png","bb2efe4d60a86dc87d7b09a020275825e6ac54bbd6a2cef75d97cf20dbbf6c73","246651","move_finished_graphics"
"moved","ferdigstilt_grafikk/skisser/image 7.png","assets/finished_graphics/skisser/image_7.png","118f7f43e446ec732c11de15635d362039f0871229ba733c7b9ee9e57b7bf172","429047","move_finished_graphics"
"moved","ferdigstilt_grafikk/skisser/image 8.png","assets/finished_graphics/skisser/image_8.png","9fe9fcd88117cfe4e3d91f04db4933e5e38b5de1758f0486f205dae240b4b5ec","111465","move_finished_graphics"
"moved","leveransar/personleg-debrief-trixig.pdf","docs/deliverables/personleg_debrief_trixig.pdf","b989aa3807bd29513c1c5309457f3ac06c948a5baa014cb9aaaf187a5bf88a8e","1479158","move_deliverables"
"moved","ferdigstilt_grafikk/figurar/figur=01.png","assets/finished_graphics/figurar/figur_01.png","23df7ae81e6f5338ecab677eeeaab80048cbd1bc81e916f7ea9ba7123821cead","155519","move_finished_graphics"
"moved","ferdigstilt_grafikk/figurar/figur=02.png","assets/finished_graphics/figurar/figur_02.png","7ba08c14c8620f2b8b98b07343bfa255dc387e77b91396fe2db8e10418eab229","299125","move_finished_graphics"
"moved","ferdigstilt_grafikk/figurar/figur=03.png","assets/finished_graphics/figurar/figur_03.png","eefd3fdd9fd722eccc0f0c8737bc952dd789481d8a72da26deadb2b7cebf84d8","294072","move_finished_graphics"
"moved","ferdigstilt_grafikk/figurar/figur=04.png","assets/finished_graphics/figurar/figur_04.png","618bf0c3eee79e54ff36e77f2e3da8879babfafd398213e9be8e5904af3037aa","161968","move_finished_graphics"
"moved","ferdigstilt_grafikk/figurar/figur=05.png","assets/finished_graphics/figurar/figur_05.png","7fd24a54b11a0087ebc354479685272de610bc0e1c2e82bb10d2912e3d520416","241076","move_finished_graphics"
"moved","ferdigstilt_grafikk/figurar/figur=06.png","assets/finished_graphics/figurar/figur_06.png","64654494fc77b93fb25e6509f74340764e791f11db03aeaf2491f33eb469d6df","136179","move_finished_graphics"
"moved","ferdigstilt_grafikk/figurar/figur=07.png","assets/finished_graphics/figurar/figur_07.png","a4cb0ea77619f397e88ff5ed0880462036df6fb966d17c846ea9abea094fd3bd","154476","move_finished_graphics"
"moved","ferdigstilt_grafikk/figurar/figur=08.png","assets/finished_graphics/figurar/figur_08.png","e30f804e89b2a04d92eee9ffa786027218851cdc86216f3dc2b8439921676468","144216","move_finished_graphics"
"moved","ferdigstilt_grafikk/figurar/figur=09.png","assets/finished_graphics/figurar/figur_09.png","107e8361df477d7e10cc129cdb6c860fbb4839b2989f6421d43d52b0967a264f","296958","move_finished_graphics"
"moved","ferdigstilt_grafikk/figurar/figur=10.png","assets/finished_graphics/figurar/figur_10.png","d72427c198cb9cc9e0c3d3f520fa9ef94f842de282c6ff4c5b0337a875b74770","138032","move_finished_graphics"
"moved","ferdigstilt_grafikk/figurar/figur=11.png","assets/finished_graphics/figurar/figur_11.png","b0742bc5b97412f110c2cc807f50ecb0495870d08e4c513980cbdad1f158d0be","265153","move_finished_graphics"
"moved","ferdigstilt_grafikk/figurar/figur=12.png","assets/finished_graphics/figurar/figur_12.png","dd478b6a683d6c132c814468a20abed9ec656d153fa9aad0bd74045ad8ab4ef1","191068","move_finished_graphics"
"moved","ferdigstilt_grafikk/figurar/figur=13.png","assets/finished_graphics/figurar/figur_13.png","54c7111d935593f8957d431cee860c510c8a26a5675c63f46c92adf48b64c4e8","658668","move_finished_graphics"
"moved","ferdigstilt_grafikk/skisser/Frame 11.png","assets/finished_graphics/skisser/frame_11.png","ac9c94e9747bbbb2db0251d8dc28da17eae320b055af44f34c87bbde318b7192","151152","move_finished_graphics"
"moved","ferdigstilt_grafikk/skisser/Container.png","assets/finished_graphics/skisser/container.png","d7485c5cb888606cc0a7b4dd6838e7af3cbd174ec77d55d6bafdcf9b843b0006","377438","move_finished_graphics"
"moved","ferdigstilt_grafikk/skisser/Drill Image.png","assets/finished_graphics/skisser/drill_image.png","b1d87258288e54717493b79d9a95e31ed55db3ea32722d455584578ad73d13e0","424774","move_finished_graphics"
"moved","ferdigstilt_grafikk/teardown/Trixig demontert.jpeg","assets/finished_graphics/teardown/trixig_demontert.jpeg","5387da0196f0b96a68fa2eda1dc2fc06ca64565ac6816de37dc77edb5fc47847","1194820","move_finished_graphics"
"moved","ferdigstilt_grafikk/teardown/1223553_PE914767_S5.jpg","assets/finished_graphics/teardown/1223553_pe914767_s5.jpg","691d7618d2303e2cd11574a964e59bf19a8078605812cd5a412648c61300b334","555185","move_finished_graphics"
"moved","leveransar/08_mai_Konseptgjennomgang/Valt_konsept.txt","docs/deliverables/08_mai_konseptgjennomgang/valt_konsept.txt","600788a40c2aea1cce78f34f715c3b082dcfc1324c95af4da683d873d14f1f4e","28","move_deliverables"
"moved","leveransar/25_mai_Sluttpresentasjon/Kompakt_bevis.png","docs/deliverables/25_mai_sluttpresentasjon/kompakt_bevis.png","9144ae840e9eb8e8f96042c7f50e5f6d30eaf5ab2aa8f204a553625cdf585544","768464","move_deliverables"
"moved","leveransar/25_mai_Sluttpresentasjon/LED_synlegheit.png","docs/deliverables/25_mai_sluttpresentasjon/led_synlegheit.png","aef8adb103fef5dc89b903ab2feacc16b7d1849c2be4148cc17062839304ca66","529683","move_deliverables"
"moved","leveransar/08_mai_Konseptgjennomgang/Kravspec_Trixig.md","docs/deliverables/08_mai_konseptgjennomgang/kravspec_trixig.md","362aedc0cecd06630b6ea636e9c54a7ca825f41356a2fd5edd2497eca1e207b5","604","move_deliverables"
"moved","leveransar/08_mai_Konseptgjennomgang/3B_analyse_Trixig.md","docs/deliverables/08_mai_konseptgjennomgang/3b_analyse_trixig.md","95e843f4ec7b84fd364a2368278a7f6e05c78a0dc0ae6f99e92b49f4ec54fefa","496","move_deliverables"
"moved","leveransar/08_mai_Konseptgjennomgang/Konsept_B_Tactil.png","docs/deliverables/08_mai_konseptgjennomgang/konsept_b_tactil.png","3968704bc2c3d10e54eb4f72d4c66018399d594a550a64ddca8a872d46c703a7","529176","move_deliverables"
"moved","leveransar/08_mai_Konseptgjennomgang/Kravspec_Trixig.docx","docs/deliverables/08_mai_konseptgjennomgang/kravspec_trixig.docx","70aea47cd4e82fcc3afc101c6ae6d8509c81db020c61516e1eaf5691c52cd35e","10137","move_deliverables"
"moved","ferdigstilt_grafikk/teardown/Trixig batteriinnfesting.jpeg","assets/finished_graphics/teardown/trixig_batteriinnfesting.jpeg","b90cec5e83b9cd60737765ef5959c866a72e60ada667356697e52cfdfebd6afc","1261670","move_finished_graphics"
"moved","leveransar/08_mai_Konseptgjennomgang/Konsept_A_Trixig+.png","docs/deliverables/08_mai_konseptgjennomgang/konsept_a_trixig.png","f622e0121af7758e5b2134f83fa3b05dea2239bf1edb0174115d49fd21e6205e","555553","move_deliverables"
"moved","leveransar/08_mai_Konseptgjennomgang/Konsept_C_Modular.png","docs/deliverables/08_mai_konseptgjennomgang/konsept_c_modular.png","655e49fcb90d378ab84cd3f267795a981ea302e27bf759b8b3c7228a4e6ecd32","539796","move_deliverables"
"moved","leveransar/25_mai_Sluttpresentasjon/Emballasje_Konsept.png","docs/deliverables/25_mai_sluttpresentasjon/emballasje_konsept.png","5f40abcf453399ac10fb22714d3bb2a970f2210e2452e17f837567b12b6a519d","950400","move_deliverables"
"moved","ferdigstilt_grafikk/skisser/alt_fjern_kvitt/Component 1.png","assets/finished_graphics/skisser/alt_fjern_kvitt/component_1.png","ab60233d179746113d6b8d6153483040a310f9c8192c17df1f5305ea9904e5be","198080","move_finished_graphics"
"moved","ferdigstilt_grafikk/skisser/alt_fjern_kvitt/Component 2.png","assets/finished_graphics/skisser/alt_fjern_kvitt/component_2.png","a26735fec2a56f786779b825575d090e0dfa9a04c9e2abcbf836cb9531338d27","159871","move_finished_graphics"
"moved","leveransar/08_mai_Konseptgjennomgang/3B_analyse_Trixig.docx","docs/deliverables/08_mai_konseptgjennomgang/3b_analyse_trixig.docx","d099ae457d1d9020ca8df18d26d8d3155c9d512fc63f3c945787341861eacb2a","10223","move_deliverables"
"moved","ferdigstilt_grafikk/teardown/Trixig demontert perspektiv.jpeg","assets/finished_graphics/teardown/trixig_demontert_perspektiv.jpeg","f5d8766ed657d7ada09ac617e385e37b9d359eee57584cb07e6dbf2973280553","1174387","move_finished_graphics"
"moved","leveransar/11_mai_Formforingsplansje/Form_Before_After_01.png","docs/deliverables/11_mai_formforingsplansje/form_before_after_01.png","5bf07639b839d03a38580fcc7ae7ae9525176a4d98c0056f5b5328111665b119","1152673","move_deliverables"
"moved","leveransar/11_mai_Formforingsplansje/Form_Before_After_02.png","docs/deliverables/11_mai_formforingsplansje/form_before_after_02.png","be3cb72098579dc5a48b9516593101d4878802d99974709f1ff1e818deda25fb","1028640","move_deliverables"
"moved","ferdigstilt_grafikk/teardown/Trixig demontert perspektiv 2.jpeg","assets/finished_graphics/teardown/trixig_demontert_perspektiv_2.jpeg","b46c35b3d9a1d0a5e6d179b26d0bb47d9ed0773fb957d50f16bfb8bd11b7ad27","1067069","move_finished_graphics"
"moved","leveransar/25_mai_Sluttpresentasjon/Trixig_Final_1_1_modell.png","docs/deliverables/25_mai_sluttpresentasjon/trixig_final_1_1_modell.png","3af61d5078ce2433b9a91e694120cca93da877dc57b9ac7bd5e265cad9107e35","451158","move_deliverables"
"moved","ferdigstilt_grafikk/produksjonsliste_bilete_modell/modell=01.png","assets/finished_graphics/produksjonsliste_bilete_modell/modell_01.png","6ae76c649873b4f7758e2e89ded081ead4149e82cdb074411c8a4180e75a6222","842623","move_finished_graphics"
"moved","ferdigstilt_grafikk/produksjonsliste_bilete_modell/modell=02.png","assets/finished_graphics/produksjonsliste_bilete_modell/modell_02.png","05f623a1b33f787aeb17dc12366319b2934ca90c56a91e58889b00fba4976a3f","930051","move_finished_graphics"
"moved","ferdigstilt_grafikk/produksjonsliste_bilete_modell/modell=03.png","assets/finished_graphics/produksjonsliste_bilete_modell/modell_03.png","15e3df0a0870ee0ce8df9d928a412d68ad46fdef5d7b2c7db9a120b57e2878cf","1382525","move_finished_graphics"
"moved","ferdigstilt_grafikk/produksjonsliste_bilete_modell/modell=04.png","assets/finished_graphics/produksjonsliste_bilete_modell/modell_04.png","224693e7f296f06693e48f9084706f631eb156a9134ba296e0c31f1271775408","437013","move_finished_graphics"
"moved","ferdigstilt_grafikk/produksjonsliste_bilete_modell/modell=05.png","assets/finished_graphics/produksjonsliste_bilete_modell/modell_05.png","1c9986c9a6b124a5e228b55b85cb8a3052b767a8acdcbb9293f8abf82ed5a061","1204365","move_finished_graphics"
"moved","ferdigstilt_grafikk/produksjonsliste_bilete_modell/modell=06.png","assets/finished_graphics/produksjonsliste_bilete_modell/modell_06.png","66d86dcd67266e28b885ebf83c7c85522cc5dbe3236fd019954c7268fa25f457","1116490","move_finished_graphics"
"deleted_exact_duplicate","ferdigstilt_grafikk/produksjonsliste_bilete_modell/modell=07.png","docs/deliverables/25_mai_sluttpresentasjon/emballasje_konsept.png","5f40abcf453399ac10fb22714d3bb2a970f2210e2452e17f837567b12b6a519d","950400","exact_duplicate_of:docs/deliverables/25_mai_sluttpresentasjon/emballasje_konsept.png"
"deleted_exact_duplicate","ferdigstilt_grafikk/produksjonsliste_bilete_modell/modell=08.png","docs/deliverables/11_mai_formforingsplansje/form_before_after_01.png","5bf07639b839d03a38580fcc7ae7ae9525176a4d98c0056f5b5328111665b119","1152673","exact_duplicate_of:docs/deliverables/11_mai_formforingsplansje/form_before_after_01.png"
"deleted_exact_duplicate","ferdigstilt_grafikk/produksjonsliste_bilete_modell/modell=09.png","docs/deliverables/11_mai_formforingsplansje/form_before_after_02.png","be3cb72098579dc5a48b9516593101d4878802d99974709f1ff1e818deda25fb","1028640","exact_duplicate_of:docs/deliverables/11_mai_formforingsplansje/form_before_after_02.png"
"moved","ferdigstilt_grafikk/produksjonsliste_bilete_modell/modell=10.png","assets/finished_graphics/produksjonsliste_bilete_modell/modell_10.png","929854fea5ea83967c37101b469276dd7bb3b4c8249decfaddf43d25ad5b361a","1223267","move_finished_graphics"
"deleted_exact_duplicate","ferdigstilt_grafikk/produksjonsliste_bilete_modell/modell=11.png","docs/deliverables/25_mai_sluttpresentasjon/kompakt_bevis.png","9144ae840e9eb8e8f96042c7f50e5f6d30eaf5ab2aa8f204a553625cdf585544","768464","exact_duplicate_of:docs/deliverables/25_mai_sluttpresentasjon/kompakt_bevis.png"
"moved","ferdigstilt_grafikk/produksjonsliste_bilete_modell/modell=12.png","assets/finished_graphics/produksjonsliste_bilete_modell/modell_12.png","25da3b12800bb6f74af6af52578d8e26bf29588073dc4160deaa62729be63ced","921594","move_finished_graphics"
"deleted_exact_duplicate","ferdigstilt_grafikk/produksjonsliste_bilete_modell/modell=13.png","docs/deliverables/25_mai_sluttpresentasjon/led_synlegheit.png","aef8adb103fef5dc89b903ab2feacc16b7d1849c2be4148cc17062839304ca66","529683","exact_duplicate_of:docs/deliverables/25_mai_sluttpresentasjon/led_synlegheit.png"
"deleted_exact_duplicate","ferdigstilt_grafikk/produksjonsliste_bilete_modell/modell=14.png","docs/deliverables/25_mai_sluttpresentasjon/trixig_final_1_1_modell.png","3af61d5078ce2433b9a91e694120cca93da877dc57b9ac7bd5e265cad9107e35","451158","exact_duplicate_of:docs/deliverables/25_mai_sluttpresentasjon/trixig_final_1_1_modell.png"
"deleted_exact_duplicate","ferdigstilt_grafikk/produksjonsliste_bilete_modell/modell=15.png","docs/deliverables/08_mai_konseptgjennomgang/konsept_a_trixig.png","f622e0121af7758e5b2134f83fa3b05dea2239bf1edb0174115d49fd21e6205e","555553","exact_duplicate_of:docs/deliverables/08_mai_konseptgjennomgang/konsept_a_trixig.png"
"deleted_exact_duplicate","ferdigstilt_grafikk/produksjonsliste_bilete_modell/modell=16.png","docs/deliverables/08_mai_konseptgjennomgang/konsept_c_modular.png","655e49fcb90d378ab84cd3f267795a981ea302e27bf759b8b3c7228a4e6ecd32","539796","exact_duplicate_of:docs/deliverables/08_mai_konseptgjennomgang/konsept_c_modular.png"
"deleted_exact_duplicate","ferdigstilt_grafikk/produksjonsliste_bilete_modell/modell=17.png","docs/deliverables/08_mai_konseptgjennomgang/konsept_b_tactil.png","3968704bc2c3d10e54eb4f72d4c66018399d594a550a64ddca8a872d46c703a7","529176","exact_duplicate_of:docs/deliverables/08_mai_konseptgjennomgang/konsept_b_tactil.png"
"moved","ferdigstilt_grafikk/skisser/alt_isnet-general-use/Component 1.png","assets/finished_graphics/skisser/alt_isnet_general_use/component_1.png","2344f1011415ec8bbb3988da5682e8399d277d96f5f7275bb9804529d99c8a91","58548","move_finished_graphics"
"moved","ferdigstilt_grafikk/skisser/alt_isnet-general-use/Component 2.png","assets/finished_graphics/skisser/alt_isnet_general_use/component_2.png","b598219b6ebb4904480749268b961a49bdc9407cd2dbe20983ce97409900605a","39515","move_finished_graphics"
"moved","leveransar/08_mai_Konseptgjennomgang/Baerekrafthandling_Trixig.md","docs/deliverables/08_mai_konseptgjennomgang/baerekrafthandling_trixig.md","a5cc36c2401f53626356d5e42e25e74c8525a209b05cf4354d0fa9e3630a48b4","777","move_deliverables"
"moved","leveransar/08_mai_Konseptgjennomgang/Baerekrafthandling_Trixig.docx","docs/deliverables/08_mai_konseptgjennomgang/baerekrafthandling_trixig.docx","1310333ab6e2d9100a3f04684cfa4a54132fc868bb0894de85b1ff75733ca205","10243","move_deliverables"
"moved","ferdigstilt_grafikk/skisser/utvalgt_04_skisse_094_serviceport_innmat 1.png","assets/finished_graphics/skisser/utvalgt_04_skisse_094_serviceport_innmat_1.png","72d782db1c2904abd7c06a8dc085cb93656e43a0ba034d8e79d9e7ed6046c3e1","1312613","move_finished_graphics"
"moved","ferdigstilt_grafikk/skisser/utvalgt_05_skisse_096_eksplodert_teardown 1.png","assets/finished_graphics/skisser/utvalgt_05_skisse_096_eksplodert_teardown_1.png","6207280b28cb017f45bcb7bd7ef5650c71ba39ca6de4571357026c894aeb72ad","1089158","move_finished_graphics"
"moved","trixig/6 3B analyse.pdf","docs/course/06_3b_analyse.pdf","01f95a54ac964559951cd57390d02e0e11a058bc24059ad4a44446b4b4649a4d","132693","move_course_material"
"deleted_exact_duplicate","kursmateriale/6 3B analyse.pdf","docs/course/06_3b_analyse.pdf","01f95a54ac964559951cd57390d02e0e11a058bc24059ad4a44446b4b4649a4d","132693","exact_duplicate_of:docs/course/06_3b_analyse.pdf"
"moved","trixig/8 Kravspesifikasjon.pptx","docs/course/08_kravspesifikasjon.pptx","da3171a3bce32c2fbe130bbfaff50b5404fa40c602da8e7452209f7059fd90b0","118449","move_course_material"
"moved","trixig/Trixig elskrutrekker.url","docs/course/trixig_elskrutrekker.url","f2fdafacf7a67287c3b5e3d4775a9e324b368228d8cb1fe9d582885148217963","82","move_course_material"
"moved","trixig/Litteraturliste GK4 V26.docx","docs/course/litteraturliste_gk4_v26.docx","f8fd4d6fd85934a0dd73a0f01e2e4aeb412a48e712cf9d8ce4b88efd0ddde023","25903","move_course_material"
"moved","trixig/IKEA's produktserie Trixig.url","docs/course/ikea_produktserie_trixig.url","bfd11ce1e8437148f920e3f3f27a9b4fff0e38648dd5fab137f4756f967a5d7f","76","move_course_material"
"moved","trixig/Workshop Produktsemantikk.pptx","docs/course/workshop_produktsemantikk.pptx","003e4b1180665ca8a36c0e99f3b4f082012390cdf981c0407bd90e258b80c07a","526814","move_course_material"
"deleted_exact_duplicate","kursmateriale/8 Kravspesifikasjon.pptx","docs/course/08_kravspesifikasjon.pptx","da3171a3bce32c2fbe130bbfaff50b5404fa40c602da8e7452209f7059fd90b0","118449","exact_duplicate_of:docs/course/08_kravspesifikasjon.pptx"
"deleted_exact_duplicate","kursmateriale/Trixig elskrutrekker.url","docs/course/trixig_elskrutrekker.url","f2fdafacf7a67287c3b5e3d4775a9e324b368228d8cb1fe9d582885148217963","82","exact_duplicate_of:docs/course/trixig_elskrutrekker.url"
"deleted_exact_duplicate","kursmateriale/Litteraturliste GK4 V26.docx","docs/course/litteraturliste_gk4_v26.docx","f8fd4d6fd85934a0dd73a0f01e2e4aeb412a48e712cf9d8ce4b88efd0ddde023","25903","exact_duplicate_of:docs/course/litteraturliste_gk4_v26.docx"
"deleted_exact_duplicate","kursmateriale/IKEA_s produktserie Trixig.url","docs/course/ikea_produktserie_trixig.url","bfd11ce1e8437148f920e3f3f27a9b4fff0e38648dd5fab137f4756f967a5d7f","76","exact_duplicate_of:docs/course/ikea_produktserie_trixig.url"
"deleted_exact_duplicate","kursmateriale/kursmateriale/6 3B analyse.pdf","docs/course/06_3b_analyse.pdf","01f95a54ac964559951cd57390d02e0e11a058bc24059ad4a44446b4b4649a4d","132693","exact_duplicate_of:docs/course/06_3b_analyse.pdf"
"deleted_exact_duplicate","kursmateriale/Workshop Produktsemantikk.pptx","docs/course/workshop_produktsemantikk.pptx","003e4b1180665ca8a36c0e99f3b4f082012390cdf981c0407bd90e258b80c07a","526814","exact_duplicate_of:docs/course/workshop_produktsemantikk.pptx"
"moved","trixig/Designbrief Trixig elskrutrekker.docx","docs/course/designbrief_trixig_elskrutrekker.docx","33720c5475797a16aa6a1ad228c35e27eb16facf0de5fc9e6283c978c0ca3f10","19867","move_course_material"
"moved","trixig/5 Metodikk introduksjon NY VERSJON.ppt","docs/course/05_metodikk_introduksjon.ppt","fa30c8c51314edae4f878d4a11e2425ed95ab5b2138dbd8823f3a5ed38408e79","90362368","move_course_material"
"moved","trixig/2 Introduksjon om elskrutrekker Trixig.pptx","docs/course/02_introduksjon_elskrutrekker_trixig.pptx","b0e28fc74d1389eed9d7f95d1911ce127907b8d525e261dff30e0c8114833b47","6298679","move_course_material"
"deleted_exact_duplicate","kursmateriale/Designbrief Trixig elskrutrekker.docx","docs/course/designbrief_trixig_elskrutrekker.docx","33720c5475797a16aa6a1ad228c35e27eb16facf0de5fc9e6283c978c0ca3f10","19867","exact_duplicate_of:docs/course/designbrief_trixig_elskrutrekker.docx"
"moved","trixig/1 Prosjektbeskrivelse GK4 Elskrutrekker.docx","docs/course/01_prosjektbeskrivelse_gk4_elskrutrekker.docx","4b245767ce67d57b69bb38206f00d41061d39598d82851bed81293f24861fe10","34140","move_course_material"
"deleted_exact_duplicate","kursmateriale/5 Metodikk introduksjon NY VERSJON.ppt","docs/course/05_metodikk_introduksjon.ppt","fa30c8c51314edae4f878d4a11e2425ed95ab5b2138dbd8823f3a5ed38408e79","90362368","exact_duplicate_of:docs/course/05_metodikk_introduksjon.ppt"
"deleted_exact_duplicate","kursmateriale/kursmateriale/8 Kravspesifikasjon.pptx","docs/course/08_kravspesifikasjon.pptx","da3171a3bce32c2fbe130bbfaff50b5404fa40c602da8e7452209f7059fd90b0","118449","exact_duplicate_of:docs/course/08_kravspesifikasjon.pptx"
"moved","kursmateriale/kursmateriale/Trixig elskrutrekker.url","docs/course/trixig_elskrutrekker_2.url","d0eeafc40aafcbc8afd9cffc20f379a12bfc8928f4661487f5e0e37b34d730c7","84","move_course_material"
"moved","kursmateriale/ikea_profil/IKEA_s produktserie Trixig.url","docs/course/ikea_produktserie_trixig_2.url","9937ec2f1728fc338a016fc57646f0441408d357d32b1354aa628964a99ac565","78","move_course_material"
"deleted_exact_duplicate","kursmateriale/kursmateriale/Litteraturliste GK4 V26.docx","docs/course/litteraturliste_gk4_v26.docx","f8fd4d6fd85934a0dd73a0f01e2e4aeb412a48e712cf9d8ce4b88efd0ddde023","25903","exact_duplicate_of:docs/course/litteraturliste_gk4_v26.docx"
"deleted_exact_duplicate","kursmateriale/2 Introduksjon om elskrutrekker Trixig.pptx","docs/course/02_introduksjon_elskrutrekker_trixig.pptx","b0e28fc74d1389eed9d7f95d1911ce127907b8d525e261dff30e0c8114833b47","6298679","exact_duplicate_of:docs/course/02_introduksjon_elskrutrekker_trixig.pptx"
"moved","trixig/1 Test av skjerm versus fysiske brytere i bil.docx","docs/course/01_test_skjerm_vs_brytere_i_bil.docx","a47776ecdcb6470bb4e73237756ce0d9a92851b34d76481df2cce7caefc5d701","164310","move_course_material"
"deleted_exact_duplicate","kursmateriale/1 Prosjektbeskrivelse GK4 Elskrutrekker.docx","docs/course/01_prosjektbeskrivelse_gk4_elskrutrekker.docx","4b245767ce67d57b69bb38206f00d41061d39598d82851bed81293f24861fe10","34140","exact_duplicate_of:docs/course/01_prosjektbeskrivelse_gk4_elskrutrekker.docx"
"deleted_exact_duplicate","kursmateriale/kursmateriale/IKEA_s produktserie Trixig.url","docs/course/ikea_produktserie_trixig_2.url","9937ec2f1728fc338a016fc57646f0441408d357d32b1354aa628964a99ac565","78","exact_duplicate_of:docs/course/ikea_produktserie_trixig_2.url"
"deleted_exact_duplicate","kursmateriale/kursmateriale/Workshop Produktsemantikk.pptx","docs/course/workshop_produktsemantikk.pptx","003e4b1180665ca8a36c0e99f3b4f082012390cdf981c0407bd90e258b80c07a","526814","exact_duplicate_of:docs/course/workshop_produktsemantikk.pptx"
"deleted_exact_duplicate","kursmateriale/1 Test av skjerm versus fysiske brytere i bil.docx","docs/course/01_test_skjerm_vs_brytere_i_bil.docx","a47776ecdcb6470bb4e73237756ce0d9a92851b34d76481df2cce7caefc5d701","164310","exact_duplicate_of:docs/course/01_test_skjerm_vs_brytere_i_bil.docx"
"deleted_exact_duplicate","kursmateriale/kursmateriale/Designbrief Trixig elskrutrekker.docx","docs/course/designbrief_trixig_elskrutrekker.docx","33720c5475797a16aa6a1ad228c35e27eb16facf0de5fc9e6283c978c0ca3f10","19867","exact_duplicate_of:docs/course/designbrief_trixig_elskrutrekker.docx"
"deleted_exact_duplicate","kursmateriale/kursmateriale/5 Metodikk introduksjon NY VERSJON.ppt","docs/course/05_metodikk_introduksjon.ppt","fa30c8c51314edae4f878d4a11e2425ed95ab5b2138dbd8823f3a5ed38408e79","90362368","exact_duplicate_of:docs/course/05_metodikk_introduksjon.ppt"
"deleted_exact_duplicate","kursmateriale/kursmateriale/2 Introduksjon om elskrutrekker Trixig.pptx","docs/course/02_introduksjon_elskrutrekker_trixig.pptx","b0e28fc74d1389eed9d7f95d1911ce127907b8d525e261dff30e0c8114833b47","6298679","exact_duplicate_of:docs/course/02_introduksjon_elskrutrekker_trixig.pptx"
"deleted_exact_duplicate","kursmateriale/kursmateriale/1 Prosjektbeskrivelse GK4 Elskrutrekker.docx","docs/course/01_prosjektbeskrivelse_gk4_elskrutrekker.docx","4b245767ce67d57b69bb38206f00d41061d39598d82851bed81293f24861fe10","34140","exact_duplicate_of:docs/course/01_prosjektbeskrivelse_gk4_elskrutrekker.docx"
"deleted_exact_duplicate","kursmateriale/kursmateriale/1 Test av skjerm versus fysiske brytere i bil.docx","docs/course/01_test_skjerm_vs_brytere_i_bil.docx","a47776ecdcb6470bb4e73237756ce0d9a92851b34d76481df2cce7caefc5d701","164310","exact_duplicate_of:docs/course/01_test_skjerm_vs_brytere_i_bil.docx"
"moved","kursmateriale/ikea_profil/image-asset (1).webp","assets/reference/ikea/ikea_profile_004.webp","f43913980e14daa5c0a2175dcdd6ddb7df0bd8847839da4b6c4241bc010f3af3","6406","move_ikea_profile_image"
"moved","kursmateriale/ikea_profil/image-asset (2).webp","assets/reference/ikea/ikea_profile_005.webp","35d917d04dcb430cae4b0bd8c037e0f0adddfb5b41d2f1ce3905fc322a617801","21368","move_ikea_profile_image"
"moved","kursmateriale/ikea_profil/image-asset (3).webp","assets/reference/ikea/ikea_profile_006.webp","e71df318c117861b6b3fcfac1c245cdf0f2f205ae3ef2325e0b1829502d879e2","20622","move_ikea_profile_image"
"moved","kursmateriale/ikea_profil/Brandmark_TrixigPlus.md","docs/brand/brandmark_trixigplus.md","773057c071f47ffb6ee58375509fa7919fe99fd8673636891985d34d5c2271a5","5788","move_brand_note"
"deleted_exact_duplicate","ikea_profil/image-asset (1).webp","assets/reference/ikea/ikea_profile_004.webp","f43913980e14daa5c0a2175dcdd6ddb7df0bd8847839da4b6c4241bc010f3af3","6406","exact_duplicate_of:assets/reference/ikea/ikea_profile_004.webp"
"deleted_exact_duplicate","ikea_profil/image-asset (2).webp","assets/reference/ikea/ikea_profile_005.webp","35d917d04dcb430cae4b0bd8c037e0f0adddfb5b41d2f1ce3905fc322a617801","21368","exact_duplicate_of:assets/reference/ikea/ikea_profile_005.webp"
"deleted_exact_duplicate","ikea_profil/image-asset (3).webp","assets/reference/ikea/ikea_profile_006.webp","e71df318c117861b6b3fcfac1c245cdf0f2f205ae3ef2325e0b1829502d879e2","20622","exact_duplicate_of:assets/reference/ikea/ikea_profile_006.webp"
"moved","ikea_profil/Brandmark_TrixigPlus.md","docs/brand/brandmark_trixigplus_2.md","2ba465b5bdc0e9a6b8ceeb901198fa56eb59af7f49d90bbce98d96a6af54a842","5690","move_brand_note"
"deleted_exact_duplicate","ikea_profil/IKEA_s produktserie Trixig.url","docs/course/ikea_produktserie_trixig.url","bfd11ce1e8437148f920e3f3f27a9b4fff0e38648dd5fab137f4756f967a5d7f","76","exact_duplicate_of:docs/course/ikea_produktserie_trixig.url"
"moved","notat/note.md","docs/project/note.md","2adb017eaa283e9835fb8ec2a7d9e609271ebf282341f89c21dcd548a05e2de3","343","move_project_writing"
"moved","notat/designdagbok.md","docs/project/designdagbok.md","bc4cd3f8f790499f3c712c6e26cc128a61d71a5c33a09438c22fa180a377e7f7","2124","move_project_writing"
"deleted_exact_duplicate","notat/6 3B analyse.pdf","docs/course/06_3b_analyse.pdf","01f95a54ac964559951cd57390d02e0e11a058bc24059ad4a44446b4b4649a4d","132693","exact_duplicate_of:docs/course/06_3b_analyse.pdf"
"moved","notat/epost_verkstad.txt","docs/project/epost_verkstad.txt","657a39250fd3f1129bd22fb0d25d989ea3e4baa9015176dc86d7e89cd24527fd","575","move_project_writing"
"moved","notat/ferdigstillingsplan.md","docs/project/ferdigstillingsplan.md","427ccac304f727fa63b60f8e89135173320c0e99eca4b57224741bbc4d88bd73","26031","move_project_writing"
"moved","notat/ferdigstillingsplan.docx","docs/reports/ferdigstillingsplan.docx","5b4da5252ceca479d062487369b31f00256ea4257cab3a266d67b94d5553a922","26255","move_report"
"moved","notat/kompaktheits_rekneskap.md","docs/project/kompaktheits_rekneskap.md","cc3dc02bdd370f9e3f3c8e5553a71b475a475438e2cde9223af34cd878a49ece","1141","move_project_writing"
"moved","notat/Prototypedokumentasjon.md","docs/project/prototypedokumentasjon.md","39144fdce1b9df3917ae144962c2a0dd6bc27da7fd520596043bf42d4da39488","10996","move_project_writing"
"moved","notat/emballasje_arbeidsnotat.md","docs/project/emballasje_arbeidsnotat.md","e5adf5fd58a6672df3ac9279364d152299401ec41a4306917300bb760c9a2a1d","785","move_project_writing"
"moved","notat/Konseptgjennomgang_8mai.md","docs/project/konseptgjennomgang_8mai.md","c3dd9c38c4573b0f5a09527eba08bc04c87368e0b83f98843195131a1635ad30","8117","move_project_writing"
"moved","notat/Produksjonskjede_TRIXIG.md","docs/project/produksjonskjede_trixig.md","22bb3065fa43a58c5720fed6ae0d3037c9a4bb9d3450a65d6a4b7d23e4444838","24951","move_project_writing"
"moved","notat/Formføringsplansje_11mai.md","docs/project/formfringsplansje_11mai.md","1d2b2870364d264fd6bf5a584914e1196c54c164490748c9dab9245df50d1109","9009","move_project_writing"
"moved","notat/produksjonsliste_bilde_modell.md","docs/project/produksjonsliste_bilde_modell.md","df0251cdb21ffd4c300dd93b0442f4ed8aa1f7aee5f93f527abcc56f1d9bc5f2","4017","move_project_writing"
"moved","notat/holrapport_brief_vs_konsept_2026-04-28.md","docs/project/holrapport_brief_vs_konsept_2026_04_28.md","6587d06030b9047dd8e940689f8bc954689de31873fdd5bb90f59153fd686a6b","11089","move_project_writing"
"moved","notat/holrapport_brief_vs_konsept_2026-04-28.docx","docs/reports/holrapport_brief_vs_konsept_2026_04_28.docx","fa463f297700f0f21b44a3e418eeac038559f12fa3bf26656c502464f70b9d7d","16774","move_report"
"moved","input.jpeg","assets/reference/inspiration/reference_004.jpeg","7e0b70c519273124b32af8874233041cea4aa6751a8b4d3ec8626208046766dc","69084","move_root_reference"
"moved","result.json","docs/project/data/result.json","def6814569120f68a8c8c15b764f34098ccade2fd1ff0feda24391760756e524","214","move_project_data"
"moved","pen.plasticity","cad/plasticity/pen.plasticity","f52c5ce8e867a0e229e6c0c492db3cf4a7433f8c6b97671bb2ef256f68495382","1149825","move_plasticity"
"moved","pcb-bagtteri.png","assets/reference/technical/pcb_bagtteri.png","9a9790849652aa6907f85ea6f4a2cf055b409cd528fdb7013f1c06759fe8c1db","769298","move_technical_reference"
"moved","REDESIGN.plasticity","cad/plasticity/redesign.plasticity","234e367115eb8200b930962f46c28045a05b0849cddc46e06205c6c8c9362a8d","3051177","move_plasticity"
"moved","MotorGirkasse_Body.stl","cad/models/motorgirkasse_body.stl","f9374f6c6e8075974cee52440dc97b08b593b5cc4c4aff7bc6e95d5f53335870","126284","move_cad_model"
"deleted_exact_duplicate","1223553_PE914767_S5.jpg","assets/finished_graphics/teardown/1223553_pe914767_s5.jpg","691d7618d2303e2cd11574a964e59bf19a8078605812cd5a412648c61300b334","555185","exact_duplicate_of:assets/finished_graphics/teardown/1223553_pe914767_s5.jpg"
"moved","stick+figure+3d+model.usdz","cad/models/stick_figure_3d_model.usdz","aeeaa09a061e4ddd206077cb6428a5dbe2805449567c0436b75634feb35d300d","1479405","move_cad_model"
"moved","cordless+drill+3d+model.3mf","cad/models/cordless_drill_3d_model.3mf","bc3af00c76c04eec9e8e1a6e6d39ba4734c6c1de0750b2308e98282ea2b2535c","23477390","move_cad_model"
"moved","c0850fe44815dee7c74b3797bde9dd52.3mf","cad/models/c0850fe44815dee7c74b3797bde9dd52.3mf","a9d903d114a811dfe8ae141d321c50c3ab720ce6f20af3022ac7313ea8eebc97","19866147","move_cad_model"
"moved","6ADCCAAA-B24A-4550-817C-1C0F08CF3A78.jpg","assets/reference/inspiration/reference_002.jpg","fbf103937a78c94a2da60d8cffdd832f94934ea03814413dff3e1ee28a19720a","108990","move_root_reference"
"moved","8cd2f288-576c-408f-8cfd-90befa7fbe4d.png","assets/reference/inspiration/reference_003.png","6d07bf26dad03ece06c17538a89be8b900455d0676bbc35ee62a10b71dc036a1","1155509","move_root_reference"
"moved","referansebilder/0a8c4e1d-b747-4114-b6d2-590dfcccaa00.jpg","assets/reference/inspiration/reference_001.jpg","b28d0c51989696b246b859d385c1b5923ea4a348e794cec64bceb3ef151f8f15","87012","move_reference_image"
"moved","referansebilder/21b83001-cda8-484b-9649-f90192930fb9.jpg","assets/reference/inspiration/reference_002_2.jpg","2494cb4f05a5bc11896f760eb0611f251ba9d1bfec769fe64a172bc3eb5758f4","90162","move_reference_image"
"moved","referansebilder/28fb37ef-b507-46e4-9cfb-78c3c8fcfe09.jpg","assets/reference/inspiration/reference_003.jpg","fb4eef05413dcc400509f514fbd875c14a3cefda7a85dcc95d6c056c4c65d50a","97526","move_reference_image"
"moved","referansebilder/29a6cb55-a2d8-4602-8d42-a8d4cc9e86e3.jpg","assets/reference/inspiration/reference_004.jpg","95fd06334816088b869c95e200310e4db760e8b8dcfecc4acde272df3ea350e8","89501","move_reference_image"
"moved","referansebilder/2e329100-3db7-44a6-b47f-559bc687227c.jpg","assets/reference/inspiration/reference_005.jpg","7ae9f6b736f852fccf6f5be764b63fa1f98399443eaeccaa8cf6eb5bad54e82e","95775","move_reference_image"
"moved","referansebilder/345d4062-3168-470a-85df-6c7af267a8be.jpg","assets/reference/inspiration/reference_007.jpg","e05250574c0be25456559d80bbe2da26db12a5c05d60d2c11417b4e226abe1c3","102904","move_reference_image"
"moved","referansebilder/377eeac2-d197-479a-9ecf-dc361693eb81.jpg","assets/reference/inspiration/reference_008.jpg","aff3040dc3f7221d223b3bc0ac1e4809cfdeb02253e179f843c4aeed6fa3b18e","74155","move_reference_image"
"moved","referansebilder/40146f90-2ad8-468a-bcef-2e1816fd93b3.jpg","assets/reference/inspiration/reference_009.jpg","11405267e599c60e1b4abb81ddbe6a44be30a11d2ad08ca3de7fb8a225dbc86f","98243","move_reference_image"
"moved","referansebilder/415e0fe7-4f77-43e4-9df5-334ebdb634c4.jpg","assets/reference/inspiration/reference_011.jpg","a28199af95f124c608000bebefd0c59da259469cd455ff4285d7d3b39ac81877","88090","move_reference_image"
"moved","referansebilder/4ce5e7cf-3299-4ae0-8015-893f7477a5af.jpg","assets/reference/inspiration/reference_013.jpg","b9692cfef7c1f9ef18c3ee6098d7dc18769d568a86535ad1bb625e8df3beeb72","90979","move_reference_image"
"moved","referansebilder/81b0d37e-f035-428e-903d-1b0cf57cf189.jpg","assets/reference/inspiration/reference_014.jpg","fe8c815f377f633dad1fcd01835b24c1c6c8b50dfad0bedd56a72b21098f01d3","85806","move_reference_image"
"moved","referansebilder/95570281-98b6-4606-8549-f34ee8dd46b1.jpg","assets/reference/inspiration/reference_015.jpg","96b737d6552cde6535813c6d693b2da1772c1aaab151104ae7a5879ecde0ffb9","88105","move_reference_image"
"moved","referansebilder/95a9ed53-afe1-4250-8c65-ff7e3f9805c7.jpg","assets/reference/inspiration/reference_016.jpg","25bbd4e5cf4e49d9005404009931553d2075731b88400407136f67bae2d34453","56735","move_reference_image"
"moved","referansebilder/99f964c8-489f-48e8-85b0-68fa57ee3d74.jpg","assets/reference/inspiration/reference_017.jpg","d9acdbbcdc18bf49681bd7e9280f10d8d4d05d2ec9ea6613a936978d62dba3e3","83090","move_reference_image"
"moved","referansebilder/9a1e4025-b73e-443d-9781-2410674c7a3e.jpg","assets/reference/inspiration/reference_018.jpg","9baa4b7bee1ee5f8eea95ec73b5775b245eeb775d031c0d9e85e7cb75a6e5cb9","88723","move_reference_image"
"moved","referansebilder/af9171aa-bc9b-4163-aac2-f7aa6661b79d.jpg","assets/reference/inspiration/reference_019.jpg","7141f5cda84bdb24bc244839d847bb42a2d30d3597831185e4813aa7da606f1b","75264","move_reference_image"
"moved","referansebilder/b61af1ea-149b-4662-9e18-6878e068b4d4.jpg","assets/reference/inspiration/reference_020.jpg","ffc7bd40c397d65ed75e5ebe130bc4dc76467f40f8dd21a856422e9db63b2d49","112036","move_reference_image"
"moved","referansebilder/b853d92a-6f8a-44a1-8561-e208d2600490.jpg","assets/reference/inspiration/reference_021.jpg","690d5361f94a829fc30375702fdb4501742882faefc8ef9de85b0fc0944a89e1","87387","move_reference_image"
"moved","referansebilder/bd807a23-e7b3-4a6d-aaa1-88780b4878ca.jpg","assets/reference/inspiration/reference_022.jpg","9f28087b75a2138b1b11b3590fa947f8cab3667552a890aae4fd549acb915009","98538","move_reference_image"
"moved","referansebilder/bf24fbce-40a6-4e75-b217-78176247603e.jpg","assets/reference/inspiration/reference_023.jpg","25a908be8632ca70812bd346100c9a5f5c0148de66f6b645e68910ea988aed3f","106123","move_reference_image"
"moved","referansebilder/c00cc55b-33de-42c6-9cb8-98e7683e54db.jpg","assets/reference/inspiration/reference_024.jpg","4df6f96ad12f4cae79cbc90136709306ab311a8fcf30e7665bcf927b9dd1eed9","87055","move_reference_image"
"moved","referansebilder/c4a329f0-ac71-4450-8748-2f5a1048b053.jpg","assets/reference/inspiration/reference_025.jpg","717f30c2dc83d85a6a70651913199a8bae953bc55eb0cae7709547412e78adca","65682","move_reference_image"
"moved","referansebilder/c95bb56d-5fd3-4ab3-be15-eda5cecedfec.jpg","assets/reference/inspiration/reference_026.jpg","e66ccd057d508bb37ca772babbd392141bd521ee58451a77e2a82f136cbdd382","98569","move_reference_image"
"moved","referansebilder/cbad1c21-ef42-4b90-b46f-48009331b530.jpg","assets/reference/inspiration/reference_027.jpg","f96bc484c9ebb10ca7c53db0a0bb8f39068f956e6c530382354be34fc60fc2fd","112713","move_reference_image"
"moved","referansebilder/df95c1ca-10df-4681-8ec5-80341833464f.jpg","assets/reference/inspiration/reference_033.jpg","87b2afbbf863e12b878abc72135bd29f7c87c0784281e9071b5e3ae6c0ac22f3","89127","move_reference_image"
"moved","referansebilder/ec803104-697c-4b6e-beb8-dcd11b7117c0.jpg","assets/reference/inspiration/reference_034.jpg","812c764d0bebd71264cced016c9c07bd6e8a8ff4a9c73d549ab20983bc927c0c","99579","move_reference_image"
"moved","referansebilder/f1cfc49a-843b-44ca-9321-9a2aea732f89.jpg","assets/reference/inspiration/reference_036.jpg","80f7890161636020e7fa72f1342121bc7b1ea5976e79cf3c9452f597e7503bd3","64474","move_reference_image"
"moved","referansebilder/f91d9091-f075-4b20-bef8-36c2c1ea7bcb.jpg","assets/reference/inspiration/reference_037.jpg","19c6e5d8d5f093a8774083b9bac3205e80d126d5940b1e24e2af0ba1738e4789","102826","move_reference_image"
"moved","referansebilder/ChatGPT Image May 4, 2026, 03_30_22 PM.png","assets/reference/inspiration/reference_028.png","267fdd2f09689bebff2f49cad265e524b045607952aefedc4ac2f014f046f59e","1189853","move_reference_image"
"moved","referansebilder/ChatGPT Image May 4, 2026, 03_31_01 PM.png","assets/reference/inspiration/reference_029.png","eb301d9b632b6e453dbed96560414812081e35e8ed40ed3f03ece31efa4a3e60","1174157","move_reference_image"
"moved","referansebilder/ChatGPT Image May 4, 2026, 03_31_19 PM.png","assets/reference/inspiration/reference_030.png","35f26ff5d93e96ab6f41e9376d8ea8de92c5347eba716f59970e2922f8cfd79f","1327752","move_reference_image"
"moved","referansebilder/ChatGPT Image May 4, 2026, 03_31_23 PM.png","assets/reference/inspiration/reference_031.png","3c4fec63d0f046a91471d8eec27c6042afd60a6bfc06fcd0d419fb117a62c111","1134289","move_reference_image"
"moved","referansebilder/ChatGPT Image May 4, 2026, 03_32_54 PM.png","assets/reference/inspiration/reference_032.png","adce32f324cc9e219fbaf6c5e503872607bbedf2f830970feee1ed9b53d1a9ba","1556982","move_reference_image"
"deleted_exact_duplicate","referansebilder/345d4062-3168-470a-85df-6c7af267a8be (1).jpg","assets/reference/inspiration/reference_007.jpg","e05250574c0be25456559d80bbe2da26db12a5c05d60d2c11417b4e226abe1c3","102904","exact_duplicate_of:assets/reference/inspiration/reference_007.jpg"
"deleted_exact_duplicate","referansebilder/415e0fe7-4f77-43e4-9df5-334ebdb634c4 (1).jpg","assets/reference/inspiration/reference_011.jpg","a28199af95f124c608000bebefd0c59da259469cd455ff4285d7d3b39ac81877","88090","exact_duplicate_of:assets/reference/inspiration/reference_011.jpg"
"deleted_exact_duplicate","referansebilder/4ce5e7cf-3299-4ae0-8015-893f7477a5af (1).jpg","assets/reference/inspiration/reference_013.jpg","b9692cfef7c1f9ef18c3ee6098d7dc18769d568a86535ad1bb625e8df3beeb72","90979","exact_duplicate_of:assets/reference/inspiration/reference_013.jpg"
"deleted_exact_duplicate","referansebilder/f1cfc49a-843b-44ca-9321-9a2aea732f89 (1).jpg","assets/reference/inspiration/reference_036.jpg","80f7890161636020e7fa72f1342121bc7b1ea5976e79cf3c9452f597e7503bd3","64474","exact_duplicate_of:assets/reference/inspiration/reference_036.jpg"
"moved","skisser/utvalgte/README.md","assets/generated/skisser/sketches/trixig_280426_sketch_097.md","1783b76430bb8967f44da1ba55fd16a8a13d9d37ca314597b7c9c9ac21cdbfa4","1845","move_historical_sketch"
"moved","skisser/gamle/skisse_001.png","assets/generated/skisser/sketches/trixig_280426_sketch_001.png","7990d9eeff6193ddb20cb3b844d0870ec64a6b42deea4a76e7be64364930082b","2080548","move_historical_sketch"
"moved","skisser/gamle/skisse_002.png","assets/generated/skisser/sketches/trixig_280426_sketch_002.png","b14b34d28bf2df8928ec392695dacbc52ac901c5cd78df5d520055439016add3","1871543","move_historical_sketch"
"moved","skisser/gamle/skisse_003.png","assets/generated/skisser/sketches/trixig_280426_sketch_003.png","e91a442f585584289ba222d604a5ce6de8ab2c1efaf77f6f6b5bb23421315ce2","2103745","move_historical_sketch"
"moved","skisser/gamle/skisse_004.png","assets/generated/skisser/sketches/trixig_280426_sketch_004.png","b88de175f52ba77794d96bcc02e6958d10d59077d2a6b0dcacc5fc453eac2515","2089202","move_historical_sketch"
"moved","skisser/gamle/skisse_005.png","assets/generated/skisser/sketches/trixig_280426_sketch_005.png","e930ee8d91f4580ee742554e43bbf725e7f361e53c1c38fe42d077d2f923f827","2164413","move_historical_sketch"
"moved","skisser/gamle/skisse_006.png","assets/generated/skisser/sketches/trixig_280426_sketch_006.png","dd6ac526047be0b92575119be998e2a7a104094ffe5830e1becada7e25b82385","2005770","move_historical_sketch"
"moved","skisser/gamle/skisse_007.png","assets/generated/skisser/sketches/trixig_280426_sketch_007.png","a4b2e852a0ec4061b3c4cc2a90df140be6b4da8ef5523f19875a6cb0fc6801c0","2216576","move_historical_sketch"
"moved","skisser/gamle/skisse_008.png","assets/generated/skisser/sketches/trixig_280426_sketch_008.png","7fc5a0c62d7c87cea8ad7d9b73558727c93e41b402913dc33913c64fec68a0d8","1623349","move_historical_sketch"
"moved","skisser/gamle/skisse_009.png","assets/generated/skisser/sketches/trixig_280426_sketch_009.png","ada701832865e520ed92dc20103110ef026ce33e5a2c6d8613a026777cf40d7d","2017237","move_historical_sketch"
"moved","skisser/gamle/skisse_010.png","assets/generated/skisser/sketches/trixig_280426_sketch_010.png","cbad5febf852db1b28a3766134919f78019ebcb9eb5123e327faa80d1bd3836b","1745688","move_historical_sketch"
"moved","skisser/gamle/skisse_011.png","assets/generated/skisser/sketches/trixig_280426_sketch_011.png","41ecaed297159f7a5cc693e9ab6ca05642946178f764b90b26a234ec51eb043c","1755860","move_historical_sketch"
"moved","skisser/gamle/skisse_012.png","assets/generated/skisser/sketches/trixig_280426_sketch_012.png","761258f99cb134661e82f5d3f09dda00413298d36058c9f5b502ed021f3d8294","1788511","move_historical_sketch"
"moved","skisser/gamle/skisse_013.png","assets/generated/skisser/sketches/trixig_280426_sketch_013.png","a3ab4e67ead4ce4756b81d1bd4ee0a66a775c906d4838a773390a6774b421c73","2070449","move_historical_sketch"
"moved","skisser/gamle/skisse_014.png","assets/generated/skisser/sketches/trixig_280426_sketch_014.png","2082adb6ce42d77dd25266c0833929384e4420788169fc33593cb95777b20944","1211306","move_historical_sketch"
"moved","skisser/gamle/skisse_015.png","assets/generated/skisser/sketches/trixig_280426_sketch_015.png","c2cd24b8563ab70a5708f0add0a1748670065c30d511e85f04d0c9f59866ec23","1718937","move_historical_sketch"
"moved","skisser/gamle/skisse_016.png","assets/generated/skisser/sketches/trixig_280426_sketch_016.png","9f0b2b934a70d64b435de5fcf17e6c4d077446c2a81da05d2e8765b00b327e4f","1617156","move_historical_sketch"
"moved","skisser/gamle/skisse_017.png","assets/generated/skisser/sketches/trixig_280426_sketch_017.png","68d18c0d5b0791ca25e60f079090ebc770172a5ebd9fca96c624245d181eac7d","1841454","move_historical_sketch"
"moved","skisser/gamle/skisse_018.png","assets/generated/skisser/sketches/trixig_280426_sketch_018.png","b01cd810899bf22aef55d66b96ad528d626d8a0fb59ba3a426185aa5c3fbb6e3","1887864","move_historical_sketch"
"moved","skisser/gamle/skisse_019.png","assets/generated/skisser/sketches/trixig_280426_sketch_019.png","be8c31ca0375814535476c8ee2053a932f46af3fd96acf93c378092ee824b7a3","2072695","move_historical_sketch"
"moved","skisser/gamle/skisse_020.png","assets/generated/skisser/sketches/trixig_280426_sketch_020.png","f36345518f0198569740c5c3eaa0739527675a29d7e6788c8815cf94b3026417","1841296","move_historical_sketch"
"moved","skisser/gamle/skisse_021.png","assets/generated/skisser/sketches/trixig_280426_sketch_021.png","60094e0d948b6c00ab8b22d999acf2de218588ec62869e7a0ce3bb5c41e5347b","1840061","move_historical_sketch"
"moved","skisser/gamle/skisse_022.png","assets/generated/skisser/sketches/trixig_280426_sketch_022.png","78fd5cd800d3d8a149b950157f0dafdbf8a9eaee0492760aa61ba40cdcea29a6","1965944","move_historical_sketch"
"moved","skisser/gamle/skisse_023.png","assets/generated/skisser/sketches/trixig_280426_sketch_023.png","ab9933e3ca08d0de5abc0682b33cbc75fee390f8a5559db22d42e5da0fef1575","1539904","move_historical_sketch"
"moved","skisser/gamle/skisse_024.png","assets/generated/skisser/sketches/trixig_280426_sketch_024.png","352e061812894b23c6b96d736be9fa404e7813b5dbf3a9dcbb0739fd830970a6","1910102","move_historical_sketch"
"moved","skisser/gamle/skisse_025.png","assets/generated/skisser/sketches/trixig_280426_sketch_025.png","384474d6b8d43a907849709bf820331c8b69ec5fabfd6da69373983b6b6d01f3","1917040","move_historical_sketch"
"moved","skisser/gamle/skisse_026.png","assets/generated/skisser/sketches/trixig_280426_sketch_026.png","bc5a47be217df70044c5d77eab64fbf29dc4c54335b3b710b801abd5338cb872","1958042","move_historical_sketch"
"moved","skisser/gamle/skisse_027.png","assets/generated/skisser/sketches/trixig_280426_sketch_027.png","6732f4b7ab94994d08fbaacd6f04003e9979e3b1883922d6b5306dfdf363a3c1","2035404","move_historical_sketch"
"moved","skisser/gamle/skisse_028.png","assets/generated/skisser/sketches/trixig_280426_sketch_028.png","5591dd4903ed1c649dd43fe3a456ef27e213d1d34cee684ca8ab43eed865b632","2253775","move_historical_sketch"
"moved","skisser/gamle/skisse_029.png","assets/generated/skisser/sketches/trixig_280426_sketch_029.png","4e80339ec51f0ce014a8bdb504f6346a06f440c26c64d3c8d9797244ce326029","2121382","move_historical_sketch"
"moved","skisser/gamle/skisse_030.png","assets/generated/skisser/sketches/trixig_280426_sketch_030.png","fe263a78180e66e350551c09b8841d326815c795a631e0aec548e41e42e0ed35","2231703","move_historical_sketch"
"moved","skisser/gamle/skisse_031.png","assets/generated/skisser/sketches/trixig_280426_sketch_031.png","d990c89ccf36fb07ceff8156a7d2bd16d7150572b939a220c78e983bd23059a0","1881884","move_historical_sketch"
"moved","skisser/gamle/skisse_032.png","assets/generated/skisser/sketches/trixig_280426_sketch_032.png","bde9d789729725d125c6538124f676d3caf0135c75128677deb94ddb282fed88","1997858","move_historical_sketch"
"moved","skisser/gamle/skisse_033.png","assets/generated/skisser/sketches/trixig_280426_sketch_033.png","8eabb1ce05661dbff6d927786961d477f62d5ae71e86e30da6fce2bb01c3e443","2051473","move_historical_sketch"
"moved","skisser/gamle/skisse_034.png","assets/generated/skisser/sketches/trixig_280426_sketch_034.png","e252194990ab4c554a5ecf1c38e562de898f7e6b36bfe35b4a070655499f739f","2162241","move_historical_sketch"
"moved","skisser/gamle/skisse_035.png","assets/generated/skisser/sketches/trixig_280426_sketch_035.png","a2b482d0b71cd7b4a2bae1f94b02fdc3eb0f9934b88306aaaf918e47560c62ae","2145996","move_historical_sketch"
"moved","skisser/gamle/skisse_036.png","assets/generated/skisser/sketches/trixig_280426_sketch_036.png","5a6cd5c91f0b2208d8510c0138a722f07752807bb16eaedaac1873581c6db82e","2085629","move_historical_sketch"
"moved","skisser/gamle/skisse_037.png","assets/generated/skisser/sketches/trixig_280426_sketch_037.png","e594b92dde411a5a1ba6d0d3afa9f48fc11bd13d9ce5115b5baf0e528ac21c7f","2102579","move_historical_sketch"
"moved","skisser/gamle/skisse_038.png","assets/generated/skisser/sketches/trixig_280426_sketch_038.png","a786e5291e83ab22ce088b8a021a3d03cfd590b4b36ec33de6865749f2cbb707","1875544","move_historical_sketch"
"moved","skisser/gamle/skisse_039.png","assets/generated/skisser/sketches/trixig_280426_sketch_039.png","dfe1e08114315ea188d26353da0b62e024f673b22d378a00dd5341acde536cdd","1776133","move_historical_sketch"
"moved","skisser/gamle/skisse_040.png","assets/generated/skisser/sketches/trixig_280426_sketch_040.png","deda780f8ce6599281556317e7c96581821fb2263adcca781a7889f388cd4a0a","1996166","move_historical_sketch"
"moved","skisser/gamle/skisse_041.png","assets/generated/skisser/sketches/trixig_280426_sketch_041.png","eba3031ed54e0e59d66a055a30d7a67420b6ea9c2dcebc1f1ea7a87a0b201b16","1956963","move_historical_sketch"
"moved","skisser/gamle/skisse_042.png","assets/generated/skisser/sketches/trixig_280426_sketch_042.png","a02fd71c00a8aa109c2614977de83b78c0307e7c5e1dc1a1d1b88db081b5cf99","1641650","move_historical_sketch"
"moved","skisser/gamle/skisse_043.png","assets/generated/skisser/sketches/trixig_280426_sketch_043.png","3b8288d9bed826325a1b12e755ae65ecf596c6ef1a1ded005d0a6118c677a171","2037685","move_historical_sketch"
"moved","skisser/gamle/skisse_044.png","assets/generated/skisser/sketches/trixig_280426_sketch_044.png","657451c6315aec1e177c4520864f08a171333457f764432be62a1d78c0a842cb","1952572","move_historical_sketch"
"moved","skisser/gamle/skisse_045.png","assets/generated/skisser/sketches/trixig_280426_sketch_045.png","8db7bc641c571be7974742527964945559200a9540624cbd80ab141e755fedc9","1649895","move_historical_sketch"
"moved","skisser/gamle/skisse_046.png","assets/generated/skisser/sketches/trixig_280426_sketch_046.png","c5fac0a0acca3fd1ff213a5b70ec85eb535dcf8cf43f88612dcac11287685b10","1752314","move_historical_sketch"
"moved","skisser/gamle/skisse_047.png","assets/generated/skisser/sketches/trixig_280426_sketch_047.png","f1aa3cd589d11821f583767140d1d40bb96e7441e379be24f03980cfb5a40381","2047689","move_historical_sketch"
"moved","skisser/gamle/skisse_048.png","assets/generated/skisser/sketches/trixig_280426_sketch_048.png","5438644c25053d21e07f8a147716ec67568b9ea89ef21a63ce1f1fae59b61e1e","1988927","move_historical_sketch"
"moved","skisser/gamle/skisse_049.png","assets/generated/skisser/sketches/trixig_280426_sketch_049.png","c8c4b5b337bb637c0706d852067c97443f177e2fa8271235f41a2e332845a9ce","1909869","move_historical_sketch"
"moved","skisser/gamle/skisse_050.png","assets/generated/skisser/sketches/trixig_280426_sketch_050.png","0cb0c4d9d4d0ca5907ad84eee3c3494c06768d38c783f6b960fce4ec824a1420","2209379","move_historical_sketch"
"moved","skisser/gamle/skisse_051.png","assets/generated/skisser/sketches/trixig_280426_sketch_051.png","a325651a4851de9ab2d6f01ed305e31851d90f267b370eead9b176298d9c0f00","1898398","move_historical_sketch"
"moved","skisser/gamle/skisse_052.png","assets/generated/skisser/sketches/trixig_280426_sketch_052.png","3cc8e6e7a182943e60460b351b8ae69a9bd1b9bb42151dc0f451c8f19a7e02f4","1630598","move_historical_sketch"
"moved","skisser/gamle/skisse_053.png","assets/generated/skisser/sketches/trixig_280426_sketch_053.png","d1818c68fb6a53993c844b865b27a57241159910539bf39d90452b47a07ff957","1896287","move_historical_sketch"
"moved","skisser/gamle/skisse_054.png","assets/generated/skisser/sketches/trixig_280426_sketch_054.png","bfaa17197f984c2b9700b3da3267bca6b749b8e0b87c57245ef206aa819640b0","1921883","move_historical_sketch"
"deleted_exact_duplicate","skisser/gamle/skisse_055.png","assets/generated/skisser/sketches/trixig_280426_sketch_053.png","d1818c68fb6a53993c844b865b27a57241159910539bf39d90452b47a07ff957","1896287","exact_duplicate_of:assets/generated/skisser/sketches/trixig_280426_sketch_053.png"
"moved","skisser/gamle/skisse_056.png","assets/generated/skisser/sketches/trixig_280426_sketch_056.png","a9afd98b98da49b5f27e9bb70e49f45cd64647ff66feab4c8be5b78726ef89e6","1884672","move_historical_sketch"
"moved","skisser/gamle/skisse_057.png","assets/generated/skisser/sketches/trixig_280426_sketch_057.png","e6dcdc29464da9af8dc0b4af92c0605b2d1147426feafc36a61bff16733bb10e","1963653","move_historical_sketch"
"moved","skisser/gamle/skisse_058.png","assets/generated/skisser/sketches/trixig_280426_sketch_058.png","17d7aa326aaa6c1a75aed54a823f1dc642d819c5096435a779f38238b7675532","1725536","move_historical_sketch"
"moved","skisser/gamle/skisse_059.png","assets/generated/skisser/sketches/trixig_280426_sketch_059.png","43993acaf6f186ce50b968278bf52972081cc2aa88ba124fdcae2096d4764f4d","1722759","move_historical_sketch"
"moved","skisser/gamle/skisse_060.png","assets/generated/skisser/sketches/trixig_280426_sketch_060.png","77a6ed9cf26043888e9b1a2bdd7bd454e38569670ddc5570bc041dd43f3d5d5a","2004471","move_historical_sketch"
"moved","skisser/gamle/skisse_061.png","assets/generated/skisser/sketches/trixig_280426_sketch_061.png","f62afdc74c9e6dd6d17063f9f28301023bfb872df6d3c591bfda0529c07d12d3","2131701","move_historical_sketch"
"moved","skisser/gamle/skisse_062.png","assets/generated/skisser/sketches/trixig_280426_sketch_062.png","19a309cdaa4706e972bedeee226be6b2bb0c2e874566d81b23174fabcc10a30b","2042282","move_historical_sketch"
"moved","skisser/gamle/skisse_063.png","assets/generated/skisser/sketches/trixig_280426_sketch_063.png","10e52d8fed6e756723169bea5395eedb44b908851f9d8136a8ea4f453e68c7b9","1953400","move_historical_sketch"
"moved","skisser/gamle/skisse_064.png","assets/generated/skisser/sketches/trixig_280426_sketch_064.png","b39738acfb2bda1c50182275b99569a4d7ebf985b1d4206077f71be4a318a71f","2101231","move_historical_sketch"
"moved","skisser/gamle/skisse_065.png","assets/generated/skisser/sketches/trixig_280426_sketch_065.png","e1535fff01e6645ede428e640ae34a1ba978ccf949be8996275dcf1820a4a3c0","1596260","move_historical_sketch"
"moved","skisser/gamle/skisse_066.png","assets/generated/skisser/sketches/trixig_280426_sketch_066.png","c432d7ca2328188448c12334f3cd82f05ba28be001417dcad8bf7e6aaa31398f","1702094","move_historical_sketch"
"moved","skisser/gamle/skisse_067.png","assets/generated/skisser/sketches/trixig_280426_sketch_067.png","7cbe1b21acf97c383a513402eb4144e5edd96696233bef0f977cbf91960eb7ae","1980261","move_historical_sketch"
"moved","skisser/gamle/skisse_068.png","assets/generated/skisser/sketches/trixig_280426_sketch_068.png","d84ca184799df655be442920a34a6c9387608c051cfcd5cc84c65a669e0feec0","2025446","move_historical_sketch"
"moved","skisser/gamle/skisse_069.png","assets/generated/skisser/sketches/trixig_280426_sketch_069.png","b3598043b913d02ff1acbf55520a5be60262a5627218e9890bfd97652e48217d","2314323","move_historical_sketch"
"moved","skisser/gamle/skisse_070.png","assets/generated/skisser/sketches/trixig_280426_sketch_070.png","36ef425233f962aa918d91388607e6ecc1d2b6b1ae8e1582de15a4ac3f699b7e","1841676","move_historical_sketch"
"moved","skisser/gamle/skisse_071.png","assets/generated/skisser/sketches/trixig_280426_sketch_071.png","e652530d2af6b44c612b4b4ba5ad85fbc9c31f1e882a2f77e289180266711e8c","2028278","move_historical_sketch"
"moved","skisser/gamle/skisse_072.png","assets/generated/skisser/sketches/trixig_280426_sketch_072.png","b5cfa085658242325ce93278ab1838d41fa52f9e89fdc87c86a661f24cbdb1d7","2033657","move_historical_sketch"
"moved","skisser/gamle/skisse_073.png","assets/generated/skisser/sketches/trixig_280426_sketch_073.png","a2385108ac6860b418415393268ba25db50046982cfc6ef6487fdae4dc94782b","2025208","move_historical_sketch"
"moved","skisser/gamle/skisse_074.png","assets/generated/skisser/sketches/trixig_280426_sketch_074.png","2fb73bb101767a5043025c68c2fdaadcd975efd390cbafd0d2d833bfced64421","1997167","move_historical_sketch"
"moved","skisser/gamle/skisse_075.png","assets/generated/skisser/sketches/trixig_280426_sketch_075.png","bcc8fb644b112e430b31007f2422781685e22a4936050a96839ee510fdb27084","1938852","move_historical_sketch"
"moved","skisser/gamle/skisse_076.png","assets/generated/skisser/sketches/trixig_280426_sketch_076.png","102e724fb9c5bf7c43a012af0cd38054e26a625031180dc2387b95ce140d3875","1879573","move_historical_sketch"
"moved","skisser/gamle/skisse_077.png","assets/generated/skisser/sketches/trixig_280426_sketch_077.png","a81bf58357a1a810608f558b267eb332db559014c3a61abe8eac22938a7ab533","1788079","move_historical_sketch"
"deleted_exact_duplicate","skisser/gamle/skisse_078.png","assets/generated/skisser/sketches/trixig_280426_sketch_071.png","e652530d2af6b44c612b4b4ba5ad85fbc9c31f1e882a2f77e289180266711e8c","2028278","exact_duplicate_of:assets/generated/skisser/sketches/trixig_280426_sketch_071.png"
"moved","skisser/gamle/skisse_079.png","assets/generated/skisser/sketches/trixig_280426_sketch_079.png","2f0b8620e911791432d3da7282f99a05f76975f16117fd5b79451452a3e9c861","1982783","move_historical_sketch"
"deleted_exact_duplicate","skisser/gamle/skisse_080.png","assets/generated/skisser/sketches/trixig_280426_sketch_073.png","a2385108ac6860b418415393268ba25db50046982cfc6ef6487fdae4dc94782b","2025208","exact_duplicate_of:assets/generated/skisser/sketches/trixig_280426_sketch_073.png"
"moved","skisser/gamle/skisse_081.png","assets/generated/skisser/sketches/trixig_280426_sketch_081.png","47eb03a85d0b816ba6a820abf7d8b90cd3981545a02f81adff0065228edb66b1","1492167","move_historical_sketch"
"moved","skisser/gamle/skisse_082.png","assets/generated/skisser/sketches/trixig_280426_sketch_082.png","cf4a4976a7367657233221d4d18f296a0d4487096782f24aae42a078b59fbcb1","1861926","move_historical_sketch"
"moved","skisser/gamle/skisse_083.png","assets/generated/skisser/sketches/trixig_280426_sketch_083.png","6b1602f31f04c3ca211748025ee29997f793165b6630218de96bf22bc5660eb5","1778715","move_historical_sketch"
"moved","skisser/gamle/skisse_084.png","assets/generated/skisser/sketches/trixig_280426_sketch_084.png","713e945fea19067ee76ffe30bf7c75da9bcd6544f2cc38ab9c8038b60d169872","1523871","move_historical_sketch"
"moved","skisser/gamle/skisse_085.png","assets/generated/skisser/sketches/trixig_280426_sketch_085.png","cfac73ed44183f415f115e850214ad6c269f22518ac89a8838a9f048b2746519","1598720","move_historical_sketch"
"moved","skisser/gamle/skisse_086.png","assets/generated/skisser/sketches/trixig_280426_sketch_086.png","5b4dd91d789e9983dbcb4195a54edd56bb64a807a0f4442985afc5fcee4a37d7","1595279","move_historical_sketch"
"moved","skisser/gamle/skisse_087.png","assets/generated/skisser/sketches/trixig_280426_sketch_087.png","1888a4fc9c443cb43026fb02cb5652f66b62c111308d495efc6414267ecc89e6","1874369","move_historical_sketch"
"moved","skisser/gamle/skisse_088.png","assets/generated/skisser/sketches/trixig_280426_sketch_088.png","31e994a8b180ad2554626e61aa19926666a3cc4813a49d9595d8b0e2ef2f0857","1564078","move_historical_sketch"
"moved","skisser/gamle/skisse_089.png","assets/generated/skisser/sketches/trixig_280426_sketch_089.png","322fb1c6200465ee2e6c4a966b06c1357798a03d1b00e3af21f977961b199be3","1049668","move_historical_sketch"
"moved","skisser/gamle/skisse_090.png","assets/generated/skisser/sketches/trixig_280426_sketch_090.png","3bcb5e0aa01bf75bbf6544ac4a8b88576354fb32ec97892f97ecdc01a50ae79c","1460564","move_historical_sketch"
"moved","skisser/gamle/skisse_091.png","assets/generated/skisser/sketches/trixig_280426_sketch_091.png","2ad94fd767a34c1d5d8c9e5303dc2d3cf6c17b344bc2546448ea458b420492c3","1565761","move_historical_sketch"
"moved","skisser/gamle/skisse_092.png","assets/generated/skisser/sketches/trixig_280426_sketch_092.png","70834bf5d633ce084e35f2c4aa3bdc9a129f4e6b63de651782798714115951e4","1723497","move_historical_sketch"
"moved","skisser/gamle/skisse_093.png","assets/generated/skisser/sketches/trixig_280426_sketch_093.png","6a26130bc2ff4d14f49a9c6ee674c58600f4ae7bc77083a0475ae4bcde98a06d","1583544","move_historical_sketch"
"moved","skisser/gamle/skisse_094.png","assets/generated/skisser/sketches/trixig_280426_sketch_094.png","2c55e25b56134ec0c742a6b8bdda800703987f127021aea07701dc2de53b046d","1640967","move_historical_sketch"
"moved","skisser/gamle/skisse_095.png","assets/generated/skisser/sketches/trixig_280426_sketch_095.png","2e2ea446b47292f6c9f914c5fa9c91007c40a82445d341ba481c7169bd333e45","2085204","move_historical_sketch"
"moved","skisser/gamle/skisse_096.png","assets/generated/skisser/sketches/trixig_280426_sketch_096.png","8b043332a080a4ce74d335f448ab431fb3ce3671be00751c41a785f6a7dc977d","2109254","move_historical_sketch"
"moved","skisser/tillegg/tillegg_001.png","assets/generated/skisser/supplements/trixig_280426_supplement_001.png","7e3f752e8143cd2f834780a0d08e71783e1158c0d9c666d748930a2328f9d3a9","1400948","move_historical_sketch"
"moved","skisser/tillegg/tillegg_002.png","assets/generated/skisser/supplements/trixig_280426_supplement_002.png","3a4daf7f9acfc097cfb739f77fca4bf4471e1d588e02158513e78c9d787b3a2f","2366925","move_historical_sketch"
"moved","skisser/tillegg/tillegg_003.png","assets/generated/skisser/supplements/trixig_280426_supplement_003.png","106259b7975226ff7ecee6fe2bacf039a76a37c2f6663eda63181cbb8d7ad81a","1982378","move_historical_sketch"
"moved","skisser/tillegg/tillegg_004.png","assets/generated/skisser/supplements/trixig_280426_supplement_004.png","c0559597d0333cc16e8bd803c896ee97e84e2b72d7d4779214cb6c82146111f2","1442815","move_historical_sketch"
"moved","skisser/tillegg/tillegg_005.png","assets/generated/skisser/supplements/trixig_280426_supplement_005.png","bf19163a8e1c1751c07b2f97f351c4ab4e60a07dc047e29df378728c67d63960","1590034","move_historical_sketch"
"moved","skisser/tillegg/tillegg_006.png","assets/generated/skisser/supplements/trixig_280426_supplement_006.png","76cb47bfaa99f23d9820613d5f5d65aada51c66440f3ca36ac068ed737ade36d","1443958","move_historical_sketch"
"moved","skisser/tillegg/tillegg_007.png","assets/generated/skisser/supplements/trixig_280426_supplement_007.png","323ea368a1138f40915bff36a591385a198b205075cbe201ad93ec0a21f0c560","1442936","move_historical_sketch"
"moved","skisser/tillegg/tillegg_008.png","assets/generated/skisser/supplements/trixig_280426_supplement_008.png","6a7ec6bbff062562e3185a8160aee60a2b0b69121ae5acf6b9d519aad2a4b782","2304399","move_historical_sketch"
"moved","skisser/tillegg/tillegg_009.png","assets/generated/skisser/supplements/trixig_280426_supplement_009.png","74fbf8519142c08daf450c2e5fbae57c1c9cabf62e24bfae22bd77af9875f557","1816381","move_historical_sketch"
"moved","skisser/tillegg/tillegg_010.png","assets/generated/skisser/supplements/trixig_280426_supplement_010.png","581e5f2cbd541d7f0238dff8698de5ae57b2c1b6260ca2e250f040b9208709f1","1902750","move_historical_sketch"
"moved","skisser/tillegg/tillegg_011.png","assets/generated/skisser/supplements/trixig_280426_supplement_011.png","397bf59e2965ab844dbae6df8f230ba5f49efec952f1991c487c6dd26b314662","1563699","move_historical_sketch"
"moved","skisser/tillegg/tillegg_012.png","assets/generated/skisser/supplements/trixig_280426_supplement_012.png","898414bdf48fe5af7e44540bba1370a307ac35784693cef46713af7a159111f4","1557639","move_historical_sketch"
"moved","skisser/tillegg/tillegg_013.png","assets/generated/skisser/supplements/trixig_280426_supplement_013.png","e906e57015e39488f1025fa939da1046f4a32580d5346dee5b1da5e3f657b152","1881099","move_historical_sketch"
"moved","skisser/tillegg/tillegg_014.png","assets/generated/skisser/supplements/trixig_280426_supplement_014.png","ffea3b93439ff7c2ad3928df43865ee7c6fe5c96e833a029991cf44692a3bbce","1698074","move_historical_sketch"
"moved","skisser/tillegg/tillegg_015.png","assets/generated/skisser/supplements/trixig_280426_supplement_015.png","18c40aebab1f347a462b2b353336ccd19766eb97dbd91f2cd8b299b2f6c94a5d","1444666","move_historical_sketch"
"moved","skisser/tillegg/tillegg_016.png","assets/generated/skisser/supplements/trixig_280426_supplement_016.png","a3d3df945c06a64ebfd0cf50cb370bae88083a42f4c25b8103630b0554cea544","1692701","move_historical_sketch"
"moved","skisser/tillegg/tillegg_017.png","assets/generated/skisser/supplements/trixig_280426_supplement_017.png","8c0abee33f1232180da164ac164815c26a6ef88b5a2141c443b43384220593bf","2069295","move_historical_sketch"
"moved","skisser/tillegg/tillegg_018.png","assets/generated/skisser/supplements/trixig_280426_supplement_018.png","649b9af0ddc2a4b4c8f7d4c0b1b00df69a28e9dade37945dc715347860014b79","2104031","move_historical_sketch"
"moved","skisser/tillegg/tillegg_019.png","assets/generated/skisser/supplements/trixig_280426_supplement_019.png","9962695b1baf7b60e5cf830ba4101553faf2f373a98eabc087583f3e8fc09502","2009749","move_historical_sketch"
"moved","skisser/tillegg/tillegg_020.png","assets/generated/skisser/supplements/trixig_280426_supplement_020.png","c65783cd7c817df86732ce9421b7f06bea15ad079f9dec3bc8ccd9a58ea945b5","2168030","move_historical_sketch"
"moved","skisser/tillegg/tillegg_021.png","assets/generated/skisser/supplements/trixig_280426_supplement_021.png","761417f4f76ae21241afc0c1f06e6b616867c5ca4b0318e50bc260fb699f309d","2016223","move_historical_sketch"
"moved","skisser/tillegg/tillegg_022.png","assets/generated/skisser/supplements/trixig_280426_supplement_022.png","3ee5b38950f7b6452cfbb073dd02db7743a133a38be8f31de44c438187ce8b5e","2012437","move_historical_sketch"
"moved","skisser/tillegg/tillegg_023.png","assets/generated/skisser/supplements/trixig_280426_supplement_023.png","2d28e7f7c74a7a701b508d8225c6073add8870320f0465e8a9673b83ab8121d6","1626942","move_historical_sketch"
"moved","skisser/tillegg/tillegg_024.png","assets/generated/skisser/supplements/trixig_280426_supplement_024.png","240133318fbc56bdbb8c1bea2ada801cf8161fc0f524576cb9dfebdbffae2584","1737004","move_historical_sketch"
"moved","skisser/tillegg/tillegg_025.png","assets/generated/skisser/supplements/trixig_280426_supplement_025.png","b284ca6115c6c983448bd167056f1a06c5dfa959c2c586163ccbf3b031a4ac88","1762848","move_historical_sketch"
"moved","skisser/tillegg/tillegg_026.png","assets/generated/skisser/supplements/trixig_280426_supplement_026.png","8a14d4f5fa831baf7d5b5f1867dc964eb9bbbf9e01233c8fb385281108d92c79","2166776","move_historical_sketch"
"moved","skisser/tillegg/tillegg_027.png","assets/generated/skisser/supplements/trixig_280426_supplement_027.png","eb5f6ac1256ffb6490e25e25d35ba194a0a36199e6aa3e166826b501cb2293f4","1875421","move_historical_sketch"
"moved","skisser/tillegg/tillegg_028.png","assets/generated/skisser/supplements/trixig_280426_supplement_028.png","29f6c2ea77038b3637e94a65b1c8ef3381a46ea82cc93888783ca04be2da486e","1499036","move_historical_sketch"
"moved","skisser/tillegg/tillegg_029.png","assets/generated/skisser/supplements/trixig_280426_supplement_029.png","f1d3afb2e7ada1b1d0681093f569b3124031fef1531426619610e6d86fa7421b","1828718","move_historical_sketch"
"moved","skisser/tillegg/tillegg_030.png","assets/generated/skisser/supplements/trixig_280426_supplement_030.png","85a02c3e2f1793d07f2c8d71857670303dbf23ea8e195e18192466aebacd5b7c","1559171","move_historical_sketch"
"moved","skisser/tillegg/tillegg_031.png","assets/generated/skisser/supplements/trixig_280426_supplement_031.png","611be4bf014774a2f10b796c966bca874882c06e441bece13193611752319161","868156","move_historical_sketch"
"moved","skisser/tillegg/tillegg_032.png","assets/generated/skisser/supplements/trixig_280426_supplement_032.png","d2cbd5f322fa0450d8eeb983b3242f9925cb17e2bcd0ec5caacb938756d782e9","1303231","move_historical_sketch"
"moved","skisser/tillegg/tillegg_033.png","assets/generated/skisser/supplements/trixig_280426_supplement_033.png","b868783bc5663ebd01116db58ff19718d3565792e936b6e206fedc09edce5b12","954048","move_historical_sketch"
"deleted_exact_duplicate","skisser/utvalgte/utvalgt_02_skisse_081_sluttkonsept.png","assets/generated/skisser/sketches/trixig_280426_sketch_081.png","47eb03a85d0b816ba6a820abf7d8b90cd3981545a02f81adff0065228edb66b1","1492167","exact_duplicate_of:assets/generated/skisser/sketches/trixig_280426_sketch_081.png"
"deleted_exact_duplicate","skisser/utvalgte/utvalgt_01_skisse_082_valgt_konsept.png","assets/generated/skisser/sketches/trixig_280426_sketch_082.png","cf4a4976a7367657233221d4d18f296a0d4487096782f24aae42a078b59fbcb1","1861926","exact_duplicate_of:assets/generated/skisser/sketches/trixig_280426_sketch_082.png"
"deleted_exact_duplicate","skisser/utvalgte/utvalgt_08_skisse_084_analysegrunnlag.png","assets/generated/skisser/sketches/trixig_280426_sketch_084.png","713e945fea19067ee76ffe30bf7c75da9bcd6544f2cc38ab9c8038b60d169872","1523871","exact_duplicate_of:assets/generated/skisser/sketches/trixig_280426_sketch_084.png"
"deleted_exact_duplicate","skisser/utvalgte/utvalgt_04_skisse_094_serviceport_innmat.png","assets/generated/skisser/sketches/trixig_280426_sketch_094.png","2c55e25b56134ec0c742a6b8bdda800703987f127021aea07701dc2de53b046d","1640967","exact_duplicate_of:assets/generated/skisser/sketches/trixig_280426_sketch_094.png"
"deleted_exact_duplicate","skisser/utvalgte/utvalgt_05_skisse_096_eksplodert_teardown.png","assets/generated/skisser/sketches/trixig_280426_sketch_096.png","8b043332a080a4ce74d335f448ab431fb3ce3671be00751c41a785f6a7dc977d","2109254","exact_duplicate_of:assets/generated/skisser/sketches/trixig_280426_sketch_096.png"
"deleted_exact_duplicate","skisser/utvalgte/utvalgt_06_skisse_045_batterimodul_skisse.png","assets/generated/skisser/sketches/trixig_280426_sketch_045.png","8db7bc641c571be7974742527964945559200a9540624cbd80ab141e755fedc9","1649895","exact_duplicate_of:assets/generated/skisser/sketches/trixig_280426_sketch_045.png"
"deleted_exact_duplicate","skisser/utvalgte/utvalgt_07_skisse_061_intern_arkitektur_skisse.png","assets/generated/skisser/sketches/trixig_280426_sketch_061.png","f62afdc74c9e6dd6d17063f9f28301023bfb872df6d3c591bfda0529c07d12d3","2131701","exact_duplicate_of:assets/generated/skisser/sketches/trixig_280426_sketch_061.png"
"deleted_exact_duplicate","skisser/utvalgte/utvalgt_03_skisse_095_reparerbar_moduloppbygging.png","assets/generated/skisser/sketches/trixig_280426_sketch_095.png","2e2ea446b47292f6c9f914c5fa9c91007c40a82445d341ba481c7169bd333e45","2085204","exact_duplicate_of:assets/generated/skisser/sketches/trixig_280426_sketch_095.png"
"moved","tjalve/Tjalve_TRIXIG_utval_ovingar.md","methods/tjalve/tjalve_trixig_utval_ovingar.md","ed00720a8a7449d8d597c7917a474c715de3541e6aa6e750e58b4b347ab9f483","4254","move_method_material"
"moved","tjalve/tjalve_pdfpage_152_19_rhythm.png","methods/tjalve/tjalve_pdfpage_152_19_rhythm.png","3d0bf3e780d765662da680354eabfcb8dbff8cf4ee17587b0e67b8293b35476b","204739","move_method_material"
"moved","tjalve/tjalve_pdfpage_161_20_joints.png","methods/tjalve/tjalve_pdfpage_161_20_joints.png","2608ab2a296d730bb7b7341dcadee81fda8bcd352461676c1c7dd39e87c1746d","190590","move_method_material"
"moved","tjalve/tjalve_trixig_utval_contactsheet.png","methods/tjalve/tjalve_trixig_utval_contactsheet.png","fd8858f0c1ab6813de1d0c79fb0530331493b705aefb0b45f0a49f21e58e6972","694407","move_method_material"
"moved","tjalve/tjalve_pdfpage_089_13_model_purpose.png","methods/tjalve/tjalve_pdfpage_089_13_model_purpose.png","3b7c5b67b5c661974dbfa0cad96d4a58295e979b98502021f9ddbb6efae22739","321549","move_method_material"
"moved","tjalve/tjalve_pdfpage_149_18_visual_balance.png","methods/tjalve/tjalve_pdfpage_149_18_visual_balance.png","2d4a3d25ac1261da7b52d85ddf65891c5a41e4e042b77800f7f57735a5dc27ca","265251","move_method_material"
"moved","tjalve/tjalve_pdfpage_009_01_basic_properties.png","methods/tjalve/tjalve_pdfpage_009_01_basic_properties.png","244cf81941ca3f685d0db3ecb26b995a39b88d9e1accf464074d7c5c1792bc93","395385","move_method_material"
"moved","tjalve/tjalve_pdfpage_010_02_product_synthesis.png","methods/tjalve/tjalve_pdfpage_010_02_product_synthesis.png","357efbbfb72d6f0aebce3eb74669537d59b0f653aec601233ae374a547697990","192212","move_method_material"
"moved","tjalve/tjalve_pdfpage_046_07_structure_modelling.png","methods/tjalve/tjalve_pdfpage_046_07_structure_modelling.png","e2eea0269a5223b627040d78ea05070a039f1776e9b95346238476e89a30f618","548640","move_method_material"
"moved","tjalve/tjalve_pdfpage_074_12_form_division_method.png","methods/tjalve/tjalve_pdfpage_074_12_form_division_method.png","a08ed0b11e02c40a11c2f73ff7194c308b611f2bae2f94890ff35c75cfab71ce","211843","move_method_material"
"moved","tjalve/tjalve_pdfpage_114_14_assembly_suboperations.png","methods/tjalve/tjalve_pdfpage_114_14_assembly_suboperations.png","4a427669b99ea7e8942e488daa8f9ae2dce202ba3859583ca9b5133f09d7f453","398508","move_method_material"
"moved","tjalve/tjalve_pdfpage_139_17_destruction_evaluation.png","methods/tjalve/tjalve_pdfpage_139_17_destruction_evaluation.png","8eb17a9a6e3b43aab8ad135e74bed65813d363b1b3c2721612e198515e2bda8c","473178","move_method_material"
"moved","tjalve/tjalve_pdfpage_017_03_search_examine_evaluate.png","methods/tjalve/tjalve_pdfpage_017_03_search_examine_evaluate.png","a6c5bdeb83b65ad33051aafc076a0beffd0f05e2fc2bfd5dc51b2b7a74679edb","460468","move_method_material"
"moved","tjalve/tjalve_pdfpage_034_05_arrangement_two_elements.png","methods/tjalve/tjalve_pdfpage_034_05_arrangement_two_elements.png","f65800151e4a8db4c43e95a5d7f99ca1d00de33c4927baa1e034f32b56143d9c","191712","move_method_material"
"moved","tjalve/tjalve_pdfpage_063_11_banned_areas_press_frame.png","methods/tjalve/tjalve_pdfpage_063_11_banned_areas_press_frame.png","de3631bcb34532da96a95c0b039cbe977b58b39fabffd8ad420ceefd9ec5ddfb","225161","move_method_material"
"moved","tjalve/tjalve_pdfpage_048_08_functional_surfaces_intro.png","methods/tjalve/tjalve_pdfpage_048_08_functional_surfaces_intro.png","336dafe01c0e90396eb9163ef8c4e0b9be671aa4942802df9fdb5d8a942278c6","528175","move_method_material"
"moved","tjalve/tjalve_pdfpage_060_10_banned_areas_restrictions.png","methods/tjalve/tjalve_pdfpage_060_10_banned_areas_restrictions.png","1444cfd68153f20c5a10e17326a9b7df8f7f6b15ccf7d304f8873275b62c62d8","402272","move_method_material"
"moved","tjalve/tjalve_pdfpage_022_04_structure_variation_method.png","methods/tjalve/tjalve_pdfpage_022_04_structure_variation_method.png","ecde6ea2d195b43412ec0c7858c5854b118fe142c11390fe29247c6338bdda23","323624","move_method_material"
"moved","tjalve/tjalve_pdfpage_035_06_arrangement_three_elements.png","methods/tjalve/tjalve_pdfpage_035_06_arrangement_three_elements.png","84a481d6f64c78f1a39a8a8247b731fad566e105fcbcc2a83e348fa71569d773","143490","move_method_material"
"moved","tjalve/tjalve_pdfpage_052_09_functional_surface_variation.png","methods/tjalve/tjalve_pdfpage_052_09_functional_surface_variation.png","a61187074b1bb9a29827189d3594f171f89ca0e7aba778da6ce36aaba5f8435c","274339","move_method_material"
"moved","tjalve/tjalve_pdfpage_134_16_occasional_operations_repair.png","methods/tjalve/tjalve_pdfpage_134_16_occasional_operations_repair.png","68750e328523e524b9ceeed3caa6ebec22c88847e37a13d12b176c0cd7d9afd8","832557","move_method_material"
"moved","tjalve/tjalve_pdfpage_133_15_controls_sequence_and_grouping.png","methods/tjalve/tjalve_pdfpage_133_15_controls_sequence_and_grouping.png","c51287c12e987c076f45ff89e18823c03f941042a17a2f7a944ab2fd11935bfc","580735","move_method_material"
"ignored_large_100mb_plus","fusion/sda.usdz",".local_large_files/fusion/sda.usdz","38e95fe9cdf8f08eda1b8d4e8b30b3bbcb5b60a35984df7b57891dc81fe837c8","129219466","user_requested_ignore_100mb_plus"
"moved","fusion/_render.py","cad/fusion/render.py","df1ba4c9733adf9faa762ee519bc469390feb766ac8200bd4affb34648c5cb78","1598","move_fusion_asset"
"moved","fusion/ref_BL.png","cad/fusion/ref_bl.png","02a0664b8face7c4301103ad091773f2aeebd3930787c6002dcc2f5644db65c6","327459","move_fusion_asset"
"moved","fusion/ref_BR.png","cad/fusion/ref_br.png","38dd8a82b7f852abb9f3b6c43648a918eb0ec70d304b1ae507f275577ee2719d","307138","move_fusion_asset"
"moved","fusion/ref_TL.png","cad/fusion/ref_tl.png","e5e3e438fdfee09b846b975fcd766742480f7c1118b381669d1f1a3ddd4cbfab","266000","move_fusion_asset"
"moved","fusion/ref_TR.png","cad/fusion/ref_tr.png","3b2f49f203f0f9f63a90dcccf5add58f2817c60976beb4e5b5fafdd192572b7f","381774","move_fusion_asset"
"moved","fusion/ref_dim.png","cad/fusion/ref_dim.png","fdf373f048d8d2f11bbee4a531961cc4f69fea6a202f72d6af9f2235eaee533c","181107","move_fusion_asset"
"moved","fusion/_run_fix2.py","cad/fusion/run_fix2.py","01e26a9db679f7b8bc0898fe5c229e37258eab8c69243baad30a85f8daaf629b","5011","move_fusion_asset"
"moved","fusion/skall_iso.png","cad/fusion/skall_iso.png","c15b65b59a64c1913333655e85067e6960f695a2279695127cc438b17f1b0350","95668","move_fusion_asset"
"moved","fusion/skall_side.png","cad/fusion/skall_side.png","a47923551629a76a26dbac059b54d7a3788cd5288bb726abb90cff541e859dd4","49172","move_fusion_asset"
"moved","fusion/trixig_top.png","cad/fusion/trixig_top.png","20653a86198aecf8c81856e16a9cec05bc8653a8a8f96d699ea858aba05e7467","41681","move_fusion_asset"
"moved","fusion/_run_shell_v2.py","cad/fusion/run_shell_v2.py","40a679762d44bc3dcb8041cf0f795d40c2c7741001b5ab8e803a62a32a6d70e3","7809","move_fusion_asset"
"moved","fusion/trixig_front.png","cad/fusion/trixig_front.png","8e1d68a89a27d91e7969937d59287cccaaf0a9b8aae261ab5213275645cae704","63545","move_fusion_asset"
"moved","fusion/trixig_right.png","cad/fusion/trixig_right.png","3286c70949fcdaf218014bd760730c70d25741e9ea91662bb5a0fe01a034c02f","67260","move_fusion_asset"
"moved","fusion/_run_internals.py","cad/fusion/run_internals.py","1e368c12c1f6de62a04ba8099aebfbfbad3e4231056503c7d33abcca44a416e2","11643","move_fusion_asset"
"moved","fusion/_run_materials.py","cad/fusion/run_materials.py","f758e78ec8db922f44a2986d7b76de7effa2c686a59c69688fdd829a6177a2f9","3438","move_fusion_asset"
"moved","fusion/trixig_render.png","cad/fusion/trixig_render.png","050c72a653e02de08e59a639ee0bd05a88b597331f44c971147755dd343c4b94","124318","move_fusion_asset"
"moved","fusion/internal_front.png","cad/fusion/internal_front.png","c57e1d8080271fed7463e6130dae60956fc87289650a65cb18f77dafd608c0bc","72105","move_fusion_asset"
"moved","fusion/_render_internal.py","cad/fusion/render_internal.py","ddf2f9a2323631c85cfc841b11fa40fc8dce7bd425a439397cc2ffd9d3ceea96","1701","move_fusion_asset"
"moved","fusion/blender_pei_plate.py","cad/fusion/blender_pei_plate.py","10b952d59f7c6f0587831b8f7c62e5acade5b46016440006678bd079f9ab32a6","9193","move_fusion_asset"
"moved","fusion/_run_fix_placement.py","cad/fusion/run_fix_placement.py","e94a0b4856cace657262cb486e89e44fd07a397fd976243f2d8c46a30608f851","7036","move_fusion_asset"
"moved","fusion/trixig_iso-top-right.png","cad/fusion/trixig_iso_top_right.png","2c34e73bd387331319f265bb2d0d89fd48d0f4071b1846c600b30dc1beba1909","123795","move_fusion_asset"
"moved","fusion/trixig_motor_girmodul.py","cad/fusion/trixig_motor_girmodul.py","d2091db0aa055cd3c911d6e3d6ee0cca85634a55f5f84e7bd6fb123de3d062be","4674","move_fusion_asset"
"moved","fusion/internal_iso-top-right.png","cad/fusion/internal_iso_top_right.png","7172628d0360b448fd1dd4bc0cc343c166bac3caaaef850944723c5f7553c615","125558","move_fusion_asset"
"moved","fusion/trixig_pcb_battery_blender.py","cad/fusion/trixig_pcb_battery_blender.py","7cdf22db3e36b222b80c3d7255d5f002b95669ad3f3ebe0414b1fbac4e40cf3f","20968","move_fusion_asset"
"moved","fusion/pcb_battery_asset/trixig_pcb_battery_scaled.glb","cad/fusion/pcb_battery_asset/trixig_pcb_battery_scaled.glb","a4f43c1cf1628b9ede4db928ec8987bd43f228f81e86f839a97db127b4048eb1","1446200","move_fusion_asset"
"moved","fusion/pcb_battery_asset/trixig_pcb_battery_scaled.mtl","cad/fusion/pcb_battery_asset/trixig_pcb_battery_scaled.mtl","144290f697dd3fdbdc4a186db1fe7a4905fa16232e1ae408b9554307583f79c5","2737","move_fusion_asset"
"moved","fusion/pcb_battery_asset/trixig_pcb_battery_scaled.obj","cad/fusion/pcb_battery_asset/trixig_pcb_battery_scaled.obj","fa322cfbb48fc6eea529a63097e3b08c4435f1079404c261f1e75a939b3d517f","3394207","move_fusion_asset"
"moved","fusion/pcb_battery_asset/trixig_pcb_battery_preview.png","cad/fusion/pcb_battery_asset/trixig_pcb_battery_preview.png","f96bbfd4fd20d5a38af11ee326be7fd2ce5834d9dc29a0b79b2c992efcaf9fc3","1581893","move_fusion_asset"
"moved","fusion/pcb_battery_asset/trixig_pcb_battery_scaled.blend","cad/fusion/pcb_battery_asset/trixig_pcb_battery_scaled.blend","f8492906f28664a61c2d8a9f417c885db708cf681c648900236bf3f18675152c","179085","move_fusion_asset"
"moved","fusion/pcb_battery_asset/trixig_pcb_battery_scaled.blend1","cad/fusion/pcb_battery_asset/trixig_pcb_battery_scaled.blend1","dee96cfce5189e221c329930d13048ffd4b4f46ab2515b1620511c1df7ec0b01","178650","move_fusion_asset"
"moved","trixig redesign/g/01.png","assets/generated/trixig_redesign/trixig_redesign_001.png","05c94edf8c6dcff5dd55df18bce31f20d5a1b86fb3a1e67751ea22b39d30547f","1511023","move_redesign_graphic"
"moved","trixig redesign/g/02.png","assets/generated/trixig_redesign/trixig_redesign_002.png","f1fb1674180481f25cf8de42b4d243c622e5477ec9d6db16f2f89c7e363b540e","288212","move_redesign_graphic"
"moved","trixig redesign/g/03.png","assets/generated/trixig_redesign/trixig_redesign_003.png","32154859602f5cb680c7a5e5ac633dce6ed900fff30f12996ed24dc6d7f70965","308327","move_redesign_graphic"
"moved","trixig redesign/g/04.png","assets/generated/trixig_redesign/trixig_redesign_004.png","b82df42b286c43ed1b3affac506ec9358ec05b7511aa3d4db9d91520549f81e5","914281","move_redesign_graphic"
"moved","trixig redesign/g/05.png","assets/generated/trixig_redesign/trixig_redesign_005.png","9f7c3df44beee0c51cbdc4656b04778be0459b24cbba93d10cb4c97a0171ede8","147880","move_redesign_graphic"
"moved","trixig redesign/g/06.png","assets/generated/trixig_redesign/trixig_redesign_006.png","8b6c34f5940174108d576d927f753a665213e5856fb1bd42da88cc549e71d41f","777721","move_redesign_graphic"
"moved","trixig redesign/g/07.png","assets/generated/trixig_redesign/trixig_redesign_007.png","6b2da874d3703d9710f40bc743dfef74cc5164b74b6abf1a71c0bf597a615b13","1552245","move_redesign_graphic"
"moved","trixig redesign/g/08.png","assets/generated/trixig_redesign/trixig_redesign_008.png","0d05860782ef36aee80c7ba4b45bf2255146ffc9de0078f865e0850cbf13b9cb","1112569","move_redesign_graphic"
"moved","trixig redesign/g/09.png","assets/generated/trixig_redesign/trixig_redesign_009.png","665c49cc7530b767f31c78ff66b81cc3cc54ab2cf9a0897cd50c2fbaaacd0ed5","1420539","move_redesign_graphic"
"moved","trixig redesign/g/10.png","assets/generated/trixig_redesign/trixig_redesign_010.png","6340ac0cf79119e12c9c29490e8877d0dca14d380fa3dbb3a9b7fdd894ac867c","613494","move_redesign_graphic"
"deleted_exact_duplicate","trixig redesign/g/11.png","assets/generated/trixig_redesign/trixig_redesign_005.png","9f7c3df44beee0c51cbdc4656b04778be0459b24cbba93d10cb4c97a0171ede8","147880","exact_duplicate_of:assets/generated/trixig_redesign/trixig_redesign_005.png"
"moved","trixig redesign/g/12.png","assets/generated/trixig_redesign/trixig_redesign_012.png","c271ebff2528cf2e1f7fd71fb14800ba34a4a38f1ee7c9ccbd982f4cdf27cd51","309159","move_redesign_graphic"
"moved","trixig redesign/g/13.png","assets/generated/trixig_redesign/trixig_redesign_013.png","a0c0cd44b7b59ac4a1b31c77e2c38fbeea43c2b5188e722c8f803cebb5430db6","277557","move_redesign_graphic"
"moved","trixig redesign/g/14.png","assets/generated/trixig_redesign/trixig_redesign_014.png","680483037b52c3be45028b2c130934a03ec78b88d4cda8f28bb353d64763c88e","333700","move_redesign_graphic"
"moved","trixig redesign/g/15.png","assets/generated/trixig_redesign/trixig_redesign_015.png","6f83a39a5a93e57bc8d464b8aef61ce41def6cb321dc37f4c48669df2fa9db3f","335519","move_redesign_graphic"
"moved","trixig redesign/g/16.png","assets/generated/trixig_redesign/trixig_redesign_016.png","bcfa7a7b52ee74bdc3ca1a0567c8f0ad7138e66a1fde4fba380e3ba7d1e6cd5a","574115","move_redesign_graphic"
"moved","trixig redesign/g/17.png","assets/generated/trixig_redesign/trixig_redesign_017.png","78ac70efffa65c2ba79ada45e60c6e7aa44e750d785e9bdd14374b397fe5868d","198673","move_redesign_graphic"
"moved","trixig redesign/g/18.png","assets/generated/trixig_redesign/trixig_redesign_018.png","5f082dda127bf29b40bc27b84152c8de0c6e464b3db892e8dfcaa86fa6f24221","219623","move_redesign_graphic"
"moved","trixig redesign/g/20.png","assets/generated/trixig_redesign/trixig_redesign_019.png","e6985d18f866de84ef9d519077752b1894589a9fbd6bba155f3e27e74b1e6030","453339","move_redesign_graphic"
"moved","trixig redesign/g/21.png","assets/generated/trixig_redesign/trixig_redesign_020.png","1d00d549d732987a94cf2d58c391f76abd2a1a8f87ba54e62cfa4c7da4cc1272","289600","move_redesign_graphic"
"moved","trixig redesign/g/22.png","assets/generated/trixig_redesign/trixig_redesign_021.png","38e764acba17de30ffe3ec4cc63f9bdb63cebed36d8f5d10b105c104ad437a17","1213307","move_redesign_graphic"
"moved","trixig redesign/g/23.png","assets/generated/trixig_redesign/trixig_redesign_022.png","64f88b23685af94161bb99494379250bc92c32f4973ad8cdf0dfe7d91700286a","1415904","move_redesign_graphic"
"deleted_exact_duplicate","trixig redesign/g/24.png","assets/reference/technical/pcb_bagtteri.png","9a9790849652aa6907f85ea6f4a2cf055b409cd528fdb7013f1c06759fe8c1db","769298","exact_duplicate_of:assets/reference/technical/pcb_bagtteri.png"
"moved","trixig redesign/g/25.png","assets/generated/trixig_redesign/trixig_redesign_024.png","d126e89da78557365bf9369ea71eca7f7edd4f0b53dd0b02e6ab10d7c889b3c1","734322","move_redesign_graphic"
"moved","trixig redesign/g/26.png","assets/generated/trixig_redesign/trixig_redesign_025.png","a3d07596adbc02d3683fad91ad8e5b112f260f35b2ed7bbe4a28c3612dc4cbbc","348514","move_redesign_graphic"
"moved","trixig redesign/g/27.png","assets/generated/trixig_redesign/trixig_redesign_026.png","af4b44fdef3c8a0a4e2e4098bcc52ccfbc05fa24b195e33834fde656d988099f","1217591","move_redesign_graphic"
"moved","trixig redesign/g/28.png","assets/generated/trixig_redesign/trixig_redesign_027.png","e71bf865b664738a7953f3bedef07c34069f17a386d7c2a61833d827dda8ac7c","553927","move_redesign_graphic"
"moved","trixig redesign/g/29.png","assets/generated/trixig_redesign/trixig_redesign_028.png","79a9cccfd4673a41173bd938b4b751a32cc5d44e3d5ed21015b9a9c67970921d","508174","move_redesign_graphic"
"moved","trixig redesign/g/30.png","assets/generated/trixig_redesign/trixig_redesign_029.png","656f24a8219d29422dd3f0d7ce36558f06d3515ea998b608559366484e68962b","380134","move_redesign_graphic"
"moved","trixig redesign/g/31.png","assets/generated/trixig_redesign/trixig_redesign_030.png","0674fa5f7f03d4c97e162d0c732d5bf2e9ec14925812a0a9e70aa39501ca66d1","603669","move_redesign_graphic"
"moved","trixig redesign/g/32.png","assets/generated/trixig_redesign/trixig_redesign_031.png","e5d6af3723d29c7fabc75b95405f896bc8f3277c3edb5db97a8609e1e501b370","153103","move_redesign_graphic"
"deleted_exact_duplicate","trixig redesign/input.jpeg","assets/reference/inspiration/reference_004.jpeg","7e0b70c519273124b32af8874233041cea4aa6751a8b4d3ec8626208046766dc","69084","exact_duplicate_of:assets/reference/inspiration/reference_004.jpeg"
"deleted_exact_duplicate","trixig redesign/pen.plasticity","cad/plasticity/pen.plasticity","f52c5ce8e867a0e229e6c0c492db3cf4a7433f8c6b97671bb2ef256f68495382","1149825","exact_duplicate_of:cad/plasticity/pen.plasticity"
"deleted_exact_duplicate","trixig redesign/pcb-bagtteri.png","assets/reference/technical/pcb_bagtteri.png","9a9790849652aa6907f85ea6f4a2cf055b409cd528fdb7013f1c06759fe8c1db","769298","exact_duplicate_of:assets/reference/technical/pcb_bagtteri.png"
"moved","trixig redesign/trixig_print/1.stl","cad/print/trixig_redesign/1.stl","b5cae05d8d9515b50cdeee6cf62367f785779093675bf992f5f279349ac9f2c4","93684","move_print_asset"
"moved","trixig redesign/trixig_print/2.stl","cad/print/trixig_redesign/2.stl","9cffa6e6111b95083ad0a2f333d870ffec4bb5299ffaa19042383b1f0ca814c8","103284","move_print_asset"
"moved","trixig redesign/trixig_print/3.stl","cad/print/trixig_redesign/3.stl","bf2f317811353d58c2ea3cfaca620c71cb01e57bc92ccd4308371696d2598520","7184","move_print_asset"
"moved","trixig redesign/trixig_print/4.stl","cad/print/trixig_redesign/4.stl","0009ae201066bd8021aaafcfd3421f739847a7b91a832f761d4a33ecf4c7982f","29684","move_print_asset"
"deleted_exact_duplicate","trixig redesign/REDESIGN.plasticity","cad/plasticity/redesign.plasticity","234e367115eb8200b930962f46c28045a05b0849cddc46e06205c6c8c9362a8d","3051177","exact_duplicate_of:cad/plasticity/redesign.plasticity"
"moved","trixig redesign/trixig_print/cast.stl","cad/print/trixig_redesign/cast.stl","634b6baa40893a3d819db025317d1af38fa00ce2648d58a81146621c135d779f","330084","move_print_asset"
"deleted_exact_duplicate","trixig redesign/MotorGirkasse_Body.stl","cad/models/motorgirkasse_body.stl","f9374f6c6e8075974cee52440dc97b08b593b5cc4c4aff7bc6e95d5f53335870","126284","exact_duplicate_of:cad/models/motorgirkasse_body.stl"
"deleted_exact_duplicate","trixig redesign/1223553_PE914767_S5.jpg","assets/finished_graphics/teardown/1223553_pe914767_s5.jpg","691d7618d2303e2cd11574a964e59bf19a8078605812cd5a412648c61300b334","555185","exact_duplicate_of:assets/finished_graphics/teardown/1223553_pe914767_s5.jpg"
"moved","trixig redesign/trixig_print/cast.blend","cad/print/trixig_redesign/backups/cast.blend","641f126e570d804a62d1c14fb5492e589cf4fed6ccba89fb557798bc9118ae4c","70909733","move_print_blender_backup"
"moved","trixig redesign/trixig_print/cast.blend1","cad/print/trixig_redesign/backups/cast.blend1","26b8db71894562a379ebca7f10ed59ba1d36a9eb9d9903735669ef710b8d3ca1","70909586","move_print_blender_backup"
"moved","trixig redesign/trixig_print/cap_slim.stl","cad/print/trixig_redesign/cap_slim.stl","bae1a7ff0802e8acd022005f0f62f6dbe9bf82d95ccb1e429d96cf3c7a9ea352","422884","move_print_asset"
"moved","trixig redesign/trixig_print/cast.blend11","cad/print/trixig_redesign/backups/cast.blend11","1ba785e246d9bc524b695f2ce069a963a212bcd79383c7cc62c688a1e519dbd0","90583040","move_print_blender_backup"
"deleted_exact_duplicate","trixig redesign/stick+figure+3d+model.usdz","cad/models/stick_figure_3d_model.usdz","aeeaa09a061e4ddd206077cb6428a5dbe2805449567c0436b75634feb35d300d","1479405","exact_duplicate_of:cad/models/stick_figure_3d_model.usdz"
"moved","trixig redesign/trixig_print/cast_v2.blend","cad/print/trixig_redesign/backups/cast_v2.blend","cea51d53d8d5625ba88d378df05f0832c17b688f55406f4a125d2fbcf206aea4","61891841","move_print_blender_backup"
"ignored_large_100mb_plus","trixig redesign/trixig_print/cast_v3.blend",".local_large_files/cad/print/trixig_redesign/backups/cast_v3.blend","79BBF5C74B606FB645DD773E57F8268F2FF97A26C43ACE00549BA0C6F5716F5F","104671738","user_requested_ignore_100000000_byte_plus_after_lfs_budget_failure"
"moved","trixig redesign/trixig_print/knob_oval.stl","cad/print/trixig_redesign/knob_oval.stl","68a0386bffac3ef42441c79f4cf7a53b929abf242617e6185cdf3e494e01709f","229384","move_print_asset"
"deleted_exact_duplicate","trixig redesign/cordless+drill+3d+model.3mf","cad/models/cordless_drill_3d_model.3mf","bc3af00c76c04eec9e8e1a6e6d39ba4734c6c1de0750b2308e98282ea2b2535c","23477390","exact_duplicate_of:cad/models/cordless_drill_3d_model.3mf"
"ignored_large_100mb_plus","trixig redesign/trixig_print/cast_v3.blend1",".local_large_files/cad/print/trixig_redesign/backups/cast_v3.blend1","63735D2D19F6A9C22F1DEE92C54C8CEDB81E6BE05810CDD6C76CA00E1F5FBB32","104667128","user_requested_ignore_100000000_byte_plus_after_lfs_budget_failure"
"moved","trixig redesign/trixig_print/for_bambu/2.3mf","cad/print/trixig_redesign/for_bambu/2.3mf","7eef1860a26f45beffcd3a778296b488cf87ee8aef3c70806ed99f11518bed2c","852254","move_print_asset"
"moved","trixig redesign/trixig_print/for_bambu/c2.3mf","cad/print/trixig_redesign/for_bambu/c2.3mf","a702bc976cb69d42b884afc79512190bf9a18be4563477cee5e46e29b4394341","5236727","move_print_asset"
"moved","trixig redesign/trixig_print/part_small_a.stl","cad/print/trixig_redesign/part_small_a.stl","6f04ce733dfc4b2f46ae7620f20b541b41118e775414ba450b8af8d58f51873c","182784","move_print_asset"
"moved","trixig redesign/trixig_print/housing_outer.stl","cad/print/trixig_redesign/housing_outer.stl","3b79f24ef905078a778268e536c2e5c00553797d047ce0c9c9d3553c484083bf","3067184","move_print_asset"
"moved","trixig redesign/plasticity/pen_prev1.plasticity","cad/plasticity/pen_prev1.plasticity","33dff0fba24e8d4aae50d82fd5eca7c2101d2b905ee9367ca7fbef37df25efce","1119535","move_plasticity"
"moved","trixig redesign/trixig_print/cast_for_bambu.stl","cad/print/trixig_redesign/cast_for_bambu.stl","b4d249c1b40387701552574c1eaecfdfd2306c176d301f44d100af157014827b","1866184","move_print_asset"
"moved","trixig redesign/trixig_print/test_cube_45mm.stl","cad/print/trixig_redesign/test_cube_45mm.stl","8644fbdd0ac677f9cd6119c92ee2e544bdfb27b8d96f7c8f40075132847bc8f5","684","move_print_asset"
"moved","trixig redesign/trixig_print/trixig_orginal.3mf","cad/print/trixig_redesign/trixig_orginal.3mf","92ac510fb3472d7b65436cd1b12cf613c6164b34ce120c01faeac41739df6e89","328821","move_print_asset"
"moved","trixig redesign/trixig_print/trixig_buildplate.3mf","cad/print/trixig_redesign/trixig_buildplate.3mf","8ef8e2a42676b0a376942b426bea913d12d6d6bbffc1b01346b61b876c25c194","782","move_print_asset"
"moved","trixig redesign/trixig_print/trixig_buildplate.stl","cad/print/trixig_redesign/trixig_buildplate.stl","8663753784783bacf57e1739a000de8a92b232e5782f27d91286eb364b34e4b9","2334984","move_print_asset"
"moved","trixig redesign/trixig_print/housing_inner_half.stl","cad/print/trixig_redesign/housing_inner_half.stl","e900701a931064a44346fc59bd2f56b3d37db8f6625cec7fc5edb16eaf23f269","291084","move_print_asset"
"deleted_exact_duplicate","trixig redesign/c0850fe44815dee7c74b3797bde9dd52.3mf","cad/models/c0850fe44815dee7c74b3797bde9dd52.3mf","a9d903d114a811dfe8ae141d321c50c3ab720ce6f20af3022ac7313ea8eebc97","19866147","exact_duplicate_of:cad/models/c0850fe44815dee7c74b3797bde9dd52.3mf"
"moved","trixig redesign/plasticity/REDESIGN_prev1.plasticity","cad/plasticity/redesign_prev1.plasticity","e09d7eddc6e35c15eab2d4e3460a1b4065fecf82f6c63a4a26be696af7593915","3052974","move_plasticity"
"moved","trixig redesign/trixig_print/_cap_slim_DUPLICATE.stl","cad/print/trixig_redesign/cap_slim_duplicate.stl","bd3d0eac23bec472866fbd1f5e2708615ce225b7cf3f1807fa9665f98080e330","422884","move_print_asset"
"moved","trixig redesign/trixig_print/for_bambu/pcba_board.stl","cad/print/trixig_redesign/for_bambu/pcba_board.stl","09a5ba6657887689d2cbf49a3db78d410f53079dfe643309c55d6afd27d5b3eb","29684","move_print_asset"
"moved","trixig redesign/trixig_print/for_bambu/rear_end_cap.stl","cad/print/trixig_redesign/for_bambu/rear_end_cap.stl","fcaa1e7aed4e7b06c4d4a7328f4da4cc49c98bbb2b9e55ed3e29f73e1eeb0e64","24684","move_print_asset"
"deleted_exact_duplicate","trixig redesign/6ADCCAAA-B24A-4550-817C-1C0F08CF3A78.jpg","assets/reference/inspiration/reference_002.jpg","fbf103937a78c94a2da60d8cffdd832f94934ea03814413dff3e1ee28a19720a","108990","exact_duplicate_of:assets/reference/inspiration/reference_002.jpg"
"deleted_exact_duplicate","trixig redesign/8cd2f288-576c-408f-8cfd-90befa7fbe4d.png","assets/reference/inspiration/reference_003.png","6d07bf26dad03ece06c17538a89be8b900455d0676bbc35ee62a10b71dc036a1","1155509","exact_duplicate_of:assets/reference/inspiration/reference_003.png"
"moved","trixig redesign/trixig_print/for_bambu/front_end_cap.stl","cad/print/trixig_redesign/for_bambu/front_end_cap.stl","4284ab18453f7f2b503b1719f66d615ffd442ca14771828aea3384d2967bdf57","76284","move_print_asset"
"moved","trixig redesign/trixig_print/for_bambu/internal_wire.stl","cad/print/trixig_redesign/for_bambu/internal_wire.stl","da6202835bd7ffba6ab31a57cb4440c505a4b871666934ab2290b305cef3706f","7184","move_print_asset"
"moved","trixig redesign/trixig_print/for_bambu/lanyard_strap.stl","cad/print/trixig_redesign/for_bambu/lanyard_strap.stl","24698a50bfc52968a6194925721bf1dada4da5bb217cab5a423a8ba7f89bb75e","30084","move_print_asset"
"moved","trixig redesign/trixig_print/trixig_buildplate.stl_6.stl","cad/print/trixig_redesign/trixig_buildplate_stl_6.stl","d51b14513b526489a7e43138c16e60f32c99c8f79d5c5107ebe88f24615ebe88","24684","move_print_asset"
"moved","trixig redesign/trixig_print/trixig_buildplate.stl_7.stl","cad/print/trixig_redesign/trixig_buildplate_stl_7.stl","5605d396a40dc966e1556a48697bbb143817c581cd26e55bdfe001211a9aa275","30084","move_print_asset"
"moved","trixig redesign/trixig_print/for_bambu/screw_M3x12_01.stl","cad/print/trixig_redesign/for_bambu/screw_m3x12_01.stl","70bbedd29a726ad1a703cd3ffa00adfadae58bfad1d8803d9d2b8a5101758a69","31584","move_print_asset"
"moved","trixig redesign/trixig_print/for_bambu/screw_M3x12_02.stl","cad/print/trixig_redesign/for_bambu/screw_m3x12_02.stl","723568a8e13e3c98abbd10b7e453d6c3710ffef96a10e186c5925a909ea74974","31884","move_print_asset"
"moved","trixig redesign/trixig_print/for_bambu/screw_M3x12_03.stl","cad/print/trixig_redesign/for_bambu/screw_m3x12_03.stl","3ec9849006f83fb2c25763ccaeff0ae5ea33ffca7076e6e4a061469b7ed84041","31584","move_print_asset"
"moved","trixig redesign/trixig_print/for_bambu/screw_M3x12_04.stl","cad/print/trixig_redesign/for_bambu/screw_m3x12_04.stl","5c8e7201662834d19a4ecd4ec709c5d1185ef2b62311f90b85f1fa587cf3bfd2","31384","move_print_asset"
"moved","trixig redesign/trixig_print/for_bambu/screw_M3x12_05.stl","cad/print/trixig_redesign/for_bambu/screw_m3x12_05.stl","f895136c53b55f231ae7bc06fbd0556c29dd9f9b4e7fab4046e6f4e4ff170d45","31484","move_print_asset"
"moved","trixig redesign/trixig_print/for_bambu/screw_M3x12_06.stl","cad/print/trixig_redesign/for_bambu/screw_m3x12_06.stl","b3e18ebf72c70ee9fffba0d34308295bf74a24e83c082aacabfe30e4b238e07b","32084","move_print_asset"
"moved","trixig redesign/trixig_print/for_bambu/trigger_button.stl","cad/print/trixig_redesign/for_bambu/trigger_button.stl","a5b9fe0569f39a00f1f5ec32fc8251f967951add969b67c5876ccc6712cf2ec4","28884","move_print_asset"
"moved","trixig redesign/trixig_print/trixig_buildplate.stl_12.stl","cad/print/trixig_redesign/trixig_buildplate_stl_12.stl","5bba9a2b6faad692d7a0922dd50af11f38034e5a2c77f037c64ce54ac676a7a0","76284","move_print_asset"
"moved","trixig redesign/trixig_print/trixig_buildplate.stl_13.stl","cad/print/trixig_redesign/trixig_buildplate_stl_13.stl","012196c0e7d615f6565be9db29cb3144ac00c40c9a4d647fe54424a7c1222ae4","31584","move_print_asset"
"moved","trixig redesign/trixig_print/trixig_buildplate.stl_14.stl","cad/print/trixig_redesign/trixig_buildplate_stl_14.stl","f1ee11c8a42fb4111e2e057652f46536c9286f03c02846d13ccbbf26e2907310","31884","move_print_asset"
"moved","trixig redesign/trixig_print/trixig_buildplate.stl_15.stl","cad/print/trixig_redesign/trixig_buildplate_stl_15.stl","2d1bb00ffd60d63d9907b1f809c04b04b50fdf464048f5fd022b54d6c33bb2a7","31584","move_print_asset"
"moved","trixig redesign/trixig_print/trixig_buildplate.stl_16.stl","cad/print/trixig_redesign/trixig_buildplate_stl_16.stl","8c49e7d4f46f77ffce5d888bb2761b9ff14c151b3d07a023a4c978a3eed58eba","31384","move_print_asset"
"moved","trixig redesign/trixig_print/trixig_buildplate.stl_17.stl","cad/print/trixig_redesign/trixig_buildplate_stl_17.stl","a35b416d638547cf7da04a5b06fa8634cbc6ef0af80c855c3b025d87d57a813c","31484","move_print_asset"
"moved","trixig redesign/trixig_print/trixig_buildplate.stl_18.stl","cad/print/trixig_redesign/trixig_buildplate_stl_18.stl","728db28b10036754ce0a1b903c0ec39e332c5eec3d4334286452b0d3c24487a9","32084","move_print_asset"
"moved","trixig redesign/trixig_print/trixig_buildplate.stl_19.stl","cad/print/trixig_redesign/trixig_buildplate_stl_19.stl","f22726520180741e5c87022659626b90008ac2f0e99c427db5130cfd3462e87c","28884","move_print_asset"
"moved","trixig redesign/trixig_print/trixig_buildplate.stl_20.stl","cad/print/trixig_redesign/trixig_buildplate_stl_20.stl","a1dc8d1caa01a2e220c5c3af99d0e349bf6bb720146dbdf0b8b8ae376dd038d9","38484","move_print_asset"
"moved","trixig redesign/trixig_print/trixig_buildplate.stl_21.stl","cad/print/trixig_redesign/trixig_buildplate_stl_21.stl","221ec0d82a8ff3b298579a638824ca47450a1edb8f27e5f2a6e2c8977de40fa6","3284","move_print_asset"
"moved","trixig redesign/g/9723b038-5f1b-4b30-bc3e-9a1ba32cc62c.jpg","assets/generated/trixig_redesign/trixig_redesign_032.jpg","68ea2b619c04a458afb6cf92bab8714450faab95d6c1f4cbccff88d03de3d604","69939","move_redesign_graphic"
"moved","trixig redesign/trixig_print/for_bambu/housing_top_tip.stl","cad/print/trixig_redesign/for_bambu/housing_top_tip.stl","1d10b4a17ba948359c0c11ed7444ba4c9555a51b0ed41019e4e5b344820c25f6","35884","move_print_asset"
"moved","trixig redesign/trixig_print/trixig_buildplate.stl_3_A.stl","cad/print/trixig_redesign/trixig_buildplate_stl_3_a.stl","1b49ad7026ee3cd8b2772fd9e67d9f2aad2884c835c9d1962b1d92edb0975eb5","469284","move_print_asset"
"moved","trixig redesign/trixig_print/trixig_buildplate.stl_3_B.stl","cad/print/trixig_redesign/trixig_buildplate_stl_3_b.stl","5a6c7884dba7241c9fb42cb2374f61e01f3ec45457a92eb3adc749d2999f09c6","1279384","move_print_asset"
"moved","trixig redesign/trixig_print/for_bambu/bit_holder_cover.stl","cad/print/trixig_redesign/for_bambu/bit_holder_cover.stl","5c6b584d73222d3c14a02dae35ae7d89296de9d1569de24739aa89c95b342ad5","38484","move_print_asset"
"moved","trixig redesign/trixig_print/for_bambu/direction_switch.stl","cad/print/trixig_redesign/for_bambu/direction_switch.stl","6d3b8f4b0a6e0ea5bfb843de515c44c80af5e8b62088bc9dbfa7099c381764d7","3284","move_print_asset"
"moved","trixig redesign/trixig_print/for_bambu/housing_top_grip.stl","cad/print/trixig_redesign/for_bambu/housing_top_grip.stl","4fea5e6a3ec5f5474a26d858bc77b6d7bd3ab864ea02d988683fdc648602b248","84","move_print_asset"
"moved","trixig redesign/trixig_print/for_bambu/motor_gear_module.stl","cad/print/trixig_redesign/for_bambu/motor_gear_module.stl","f783ef01c2f7d72df699359fc04f36e9446c2e0100d9226786176cabc875c9bc","93684","move_print_asset"
"moved","trixig redesign/trixig_print/for_bambu/shaft_collar_assy.stl","cad/print/trixig_redesign/for_bambu/shaft_collar_assy.stl","c6b450572b180d4e555b7e1bee4f93d305d0e1a6149daec94a9f7418276b7132","103284","move_print_asset"
"moved","trixig redesign/trixig_print/for_bambu/housing_bottom_tip.stl","cad/print/trixig_redesign/for_bambu/housing_bottom_tip.stl","df77b2f9f842d0352f484b879ede820156d45349bdc72b2446b8393801978149","53284","move_print_asset"
"moved","trixig redesign/trixig_print/for_bambu/housing_bottom_grip.stl","cad/print/trixig_redesign/for_bambu/housing_bottom_grip.stl","353246c499c4e9cddc806eccad90f5ee5c7e05239c2ee9046918f1ba521c25d1","313634","move_print_asset"
"moved","trixig/trixig.usdz","cad/models/trixig.usdz","0e34d2d08e6f1ff8c760c174846ce4e40599d853778b446f22b425a2189b2e1b","2734639","move_cad_model"
"moved","trixig/drill-ord-for-ord.pdf","docs/reports/drill_ord_for_ord.pdf","fd9324ec3653a069f97663709a094c934438be2824e46dd98c85d5c660fedc38","73951","move_report"
"deleted_exact_duplicate","trixig/Trixig demontert.jpeg","assets/finished_graphics/teardown/trixig_demontert.jpeg","5387da0196f0b96a68fa2eda1dc2fc06ca64565ac6816de37dc77edb5fc47847","1194820","exact_duplicate_of:assets/finished_graphics/teardown/trixig_demontert.jpeg"
"moved","trixig/drill-ord-for-ord.docx","docs/reports/drill_ord_for_ord.docx","7f00ac9e36cb065ca1fe98051e999353bbd13cc5486c8237649343603d2b3e10","15366","move_report"
"moved","trixig/Trixig demontert 2.jpeg","assets/reference/teardown/teardown_002.jpeg","b152a4309fd4f02d0f9ad202beb879b6187431902937fac25fa74be57b129422","1027703","move_teardown_reference"
"moved","trixig/personleg-debrief-trixig.docx","docs/reports/personleg_debrief_trixig.docx","547f8809821715aa2fe0d789b1d02694325fcf2187111eaead9eaee9f78852fb","2506493","move_report"
"deleted_exact_duplicate","trixig/Trixig batteriinnfesting.jpeg","assets/finished_graphics/teardown/trixig_batteriinnfesting.jpeg","b90cec5e83b9cd60737765ef5959c866a72e60ada667356697e52cfdfebd6afc","1261670","exact_duplicate_of:assets/finished_graphics/teardown/trixig_batteriinnfesting.jpeg"
"deleted_exact_duplicate","trixig/Trixig demontert perspektiv.jpeg","assets/finished_graphics/teardown/trixig_demontert_perspektiv.jpeg","f5d8766ed657d7ada09ac617e385e37b9d359eee57584cb07e6dbf2973280553","1174387","exact_duplicate_of:assets/finished_graphics/teardown/trixig_demontert_perspektiv.jpeg"
"deleted_exact_duplicate","trixig/Trixig demontert perspektiv 2.jpeg","assets/finished_graphics/teardown/trixig_demontert_perspektiv_2.jpeg","b46c35b3d9a1d0a5e6d179b26d0bb47d9ed0773fb957d50f16bfb8bd11b7ad27","1067069","exact_duplicate_of:assets/finished_graphics/teardown/trixig_demontert_perspektiv_2.jpeg"
"moved","TRIXIG_moodboard.html","docs/project/trixig_moodboard.html","2097f4139b66ce335deab81b9cd2221765b1335d60f5c53bb28854f885f47f0e","35857","move_project_writing_corrected"
"moved","notat/image-asset.webp","assets/reference/inspiration/notat_image_asset.webp","570fba1fd819631df35d31e13b5e91544f6b44e87fe8d6f3d4f0c3164b47a7af","12738","move_project_writing_corrected"
"moved","TRIXIG_konseptsprang.md","docs/project/trixig_konseptsprang.md","dbfdb2e93a9438164e108c05eb43b753a383afb497516782ecb2b01352ce7442","13247","move_project_writing_corrected"
"moved","TRIXIG_inspirasjon_referansar.md","docs/project/trixig_inspirasjon_referansar.md","70725f1d03eb02ee34c4e1f8c4c01e4aaea150bbb8c9637f5126e8df90251b9c","11398","move_project_writing_corrected"
